Workbook

Sheet DATA US
A1: DAFTAR CALON PESERTA UJIAN SEKOLAH TAHUN PELAJARAN 2024/2025
A2: (US 1)
A4: Nama Sekolah | D4: : SMK BINA INDUSTRI
A5: Alamat | D5: : JL.Alun-alun Kp.Cibarengkok Ds.Jatiwangi
A6: No. Telpon | D6: : 021- 82622655
A7: Kelurahan | D7: : Jatiwangi
A8: Kecamatan | D8: : Cikarang Barat
A9: Kode Pos | D9: : .17849
A10: Status Akreditasi | D10: :
A12: Nomor | D12: Nama Calon Peserta | E12: L/P | F12: Tempat Lahir | G12: Tanggal/Tahun Lahir | H12: Agama | I12: Nama Orang Tua | J12: Alamat Orang Tua / Wali | K12: STTB Setingkat lebih rendah | M12: Tahun Raport pada kelas
A13: Urut | B13: NIS | C13: NISN | K13: Nomor | L13: Tahun | M13: X | N13: XI | O13: XII
A14: TEKNIK dan BISNIS SEPEDA MOTOR
A15: 1 | B15: 222310001 | C15: 0072124779 | D15: ADAM ZAKIE RAMADHAN | E15: L | F15: BEKASI | G15: 23 April 2007 | H15: Islam | I15: BOIH | J15: Kp. Lubang Buaya RT 02/08 Ds. Lubang Buaya Kec. Setu | K15: MTs-22 100 155202 | L15: 2022 | M15: 2022/2023 | N15: 2023/2024 | O15: 2024/2025
A16: 2 | B16: 222310002 | C16: 0077315289 | D16: AKSAY SETIA AJI | E16: L | F16: BEKASI | G16: 24 Maret 2007 | H16: Islam | I16: TUGIYANTO | J16: Kp. Rawa Julang RT 004/002 Ds. Mekarwangi Kec. Cik-Bar | K16: Mts-22 100155470 | L16: 2022 | M16: 2022/2023 | N16: 2023/2024 | O16: 2024/2025
A17: 3 | B17: 222310003 | C17: 0078124071 | D17: ALFRIYANSYAH FINDO SALMAN | E17: L | F17: BEKASI | G17: 30 Juni 2007 | H17: Islam | I17: SUROSO | J17: Jl. Laik Jalan Blok C No. 2 Perhubdat RT 002/012 Ds. Cibuntu Kec. Cibitung | K17: MTs-22 100155472 | L17: 2022 | M17: 2022/2023 | N17: 2023/2024 | O17: 2024/2025
A18: 4 | B18: 222310004 | C18: 0134157802 | D18: ARIEF OKTA PRATAMA | E18: L | F18: CIAMIS | G18: 20 Oktober 2006 | H18: Islam | I18: ARLEX FEBRI SURIANTO | J18: Kp. Jarakosta RT 002/001 Ds. Danau Indah Kec. Cik-Bar | K18: DN-02/D-SMP/K13/0087535 | L18: 2022 | M18: 2022/2023 | N18: 2023/2024 | O18: 2024/2025
A19: 5 | B19: 222310005 | C19: 0072858452 | D19: DEDEN RIZKY SAPUTRA | E19: L | F19: BEKASI | G19: 8 Agustus 2007 | H19: Islam | I19: SANDIH | J19: Kp. Babakan RT 002/001 Ds. Jatiwangi Kec. Cik-Bar | K19: MTs-22 100155210 | L19: 2022 | M19: 2022/2023 | N19: 2023/2024 | O19: 2024/2025
A20: 6 | B20: 222310006 | C20: 0073210618 | D20: DENI RAHMAT SAPUTRA | E20: L | F20: BEKASI | G20: 8 Agustus 2007 | H20: Islam | I20: SANDIH | J20: Kp. Babakan RT 002/001 Ds. Jatiwangi Kec. Cik-Bar | K20: MTs-22 100155213 | L20: 2022 | M20: 2022/2023 | N20: 2023/2024 | O20: 2024/2025
A21: 7 | B21: 222310007 | C21: 0072762394 | D21: DITO AJI TRI CAHYO | E21: L | F21: BEKASI | G21: 14 April 2007 | H21: Islam | I21: BUANG SANTOSO (ALM) | J21: Kp. Rawa Julang RT 003/002 Ds. Mekarwangi | K21: MTs-22 100155214 | L21: 2022 | M21: 2022/2023 | N21: 2023/2024 | O21: 2024/2025
A22: 8 | B22: 222310008 | C22: 0078607611 | D22: EGA MAULANA RAYHAN | E22: L | F22: BEKASI | G22: 10 Januari 2007 | H22: Islam | I22: NAMIN SUWANDA | J22: Kp. Cibarengkok RT 001/002 Ds. Jatiwangi Kec. Cik-Bar | K22: MTs-22100155215 | L22: 2022 | M22: 2022/2023 | N22: 2023/2024 | O22: 2024/2025
A23: 9 | B23: 222310009 | C23: 0071107397 | D23: FAUZA WIJAYA | E23: L | F23: BEKASI | G23: 3 Juli 2007 | H23: Islam | I23: MURKIM | J23: Kp. Rawa Julang RT 001/001 Ds. Mekarwangi Kec. Cik-Bar | K23: MTs-22100156173 | L23: 2022 | M23: 2022/2023 | N23: 2023/2024 | O23: 2024/2025
A24: 10 | B24: 222310010 | C24: 0072628439 | D24: FAZRI RAMDANI AL BASIT | E24: L | F24: BEKASI | G24: 3 Oktober 2007 | H24: Islam | I24: MUHAMAD SYARIF | J24: Kp. Jarakosta RT 001/001 Ds. Danau Indah | K24: DN-02/D-SMP/K13/0087469 | L24: 2022 | M24: 2022/2023 | N24: 2023/2024 | O24: 2024/2025
A25: 11 | B25: 222310011 | C25: 0064029233 | D25: INTO | E25: L | F25: BEKASI | G25: 24 Februari 2006 | H25: Islam | I25: KARNO BIN EMUK | J25: Kp. Babakan RT 002/001 Ds. Jatiwangi Kec. Cik-Bar | K25: DN-02/D-SMPK13/0087607 | L25: 2022 | M25: 2022/2023 | N25: 2023/2024 | O25: 2024/2025
A26: 12 | B26: 222310012 | C26: 0075073374 | D26: IRPAN MAULANA | E26: L | F26: BEKASI | G26: 19 Januari 2007 | H26: Islam | I26: SALIM | J26: Kp. Jarakosta Kebon Kelapa RT 006/004 Ds. Sukadanau Kec. Cik-Bar | K26: DN-02/D-SMP/K13/0087579 | L26: 2022 | M26: 2022/2023 | N26: 2023/2024 | O26: 2024/2025
... A38: 24 | B38: 222310023 | C38: 0078400677 | D38: NAUFAL ASAD | E38: L | F38: BEKASI | G38: 5 Agustus 2007 | H38: Islam | I38: ABDUL HASSIM | J38: Kp. Rawa Julang RT 004/002 Ds. Mekarwangi Kec. Cik-Bar | K38: MTs-11 100155228 | L38: 2022 | M38: 2022/2023 | N38: 2023/2024 | O38: 2024/2025
A39: 25 | B39: 222310147 | C39: 0061172472 | D39: PAHRUDIN HIDAYAT | F39: BEKASI | G39: 23 Agustus 2006 | H39: Islam | I39: NEMAT | J39: Desa Ganda Mekar Kec. CIkarang Barat Kab. Bekasi, Jawa Barat | K39: MTs-22 100155486 | L39: 2022 | M39: 2022/2023 | N39: 2023/2024 | O39: 2024/2025
A40: 26 | B40: 222310024 | C40: 0071750896 | D40: RAFA ARDIANSYAH | E40: L | F40: BEKASI | G40: 5 Maret 2007 | H40: Islam | I40: PURWADU | J40: Kp. Rawa Julang RT 004/002 Ds. Mekarwangi Kec. Cik-Bar | K40: MTs-22 100155524 | L40: 2022 | M40: 2022/2023 | N40: 2023/2024 | O40: 2024/2025
A41: 27 | B41: 222310025 | C41: 0064628744 | D41: ROY TANSRI ARTAMA | E41: L | F41: SRAGEN | G41: 02 Mei 2007 | H41: Islam | I41: SRI YONO | J41: Kp. Mariuk Rt 003/005 Desa Gandamekar, Kec. Cikarang Barat | K41: DN-02/D-SMP/K13/0087487 | L41: 2022 | M41: 2022/2023 | N41: 2023/2024 | O41: 2024/2025
A42: 28 | B42: 222310026 | C42: 0071829562 | D42: SATRYO PASHA RAMANDA | E42: L | F42: TANGGERANG | G42: 23 Januari 2007 | H42: Islam | I42: DWINANTO WIBOWO | J42: Perum Grand Mutiara Gading Blok I6 No. 16 Telajung, Cik-Bar | K42: MTs-22 100156219 | L42: 2022 | M42: 2022/2023 | N42: 2023/2024 | O42: 2024/2025
A43: 29 | B43: 222310027 | C43: 0078911090 | D43: SOBRIYANTO | E43: L | F43: BEKASI | G43: 16 Januari 2007 | H43: Islam | I43: IDUT | J43: Kp. Cisaat RT 013/006 Ds. Kertarahayu Kec. Setu Kab. Bekasi | K43: DN-02/D-SMP/K13/0108394 | L43: 2022 | M43: 2022/2023 | N43: 2023/2024 | O43: 2024/2025
A44: 30 | B44: 222310028 | C44: 0078505225 | D44: WANA SUMARNA | E44: L | F44: BEKASI | G44: 4 September 2007 | H44: Islam | I44: UMAR SUMARNA | J44: Kp. Babakan RT 002/010 Ds. Telajung Kec. Cik-Bar Kab. Bekasi | K44: MTs- 22 100155622 | L44: 2022 | M44: 2022/2023 | N44: 2023/2024 | O44: 2024/2025
A45: 31 | B45: 222310029 | C45: 0071843924 | D45: WISNU BINTANG BERLIAN | E45: L | F45: BEKASI | G45: 16 April 2007 | H45: Islam | I45: TOMPUL | J45: Kp. Rawa Julang Ds. Mekarwangi Kec. Cik-Bar Kab. Bekasi | K45: MTs-22 100155498 | L45: 2022 | M45: 2022/2023 | N45: 2023/2024 | O45: 2024/2025
A46: 32 | B46: 242512086 | C46: 0075620652 | D46: HAZAQ OSEAN RAFIF | E46: L | F46: MAJALENGKA | G46: 07 Februari 2007 | H46: Islam | I46: Hendrik | J46: Desa telajung RT 001 RW 010 No.225 Kec.Cikarang Barat, kab Bekasi | K46: MTs-22 1001154223 | L46: 2022 | M46: 2022/2023 | N46: 2023/2024 | O46: 2024/2025
A47: 33 | B47: 222310030 | C47: 0076215153 | D47: AA DITIA FRATAMA | E47: L | F47: BEKASI | G47: 28 Juni 2007 | H47: Islam | I47: DEDI | J47: Kp. Cikedokan RT 002/006 Ds. Cikedokan | K47: MTs-22 100155534 | L47: 2022 | M47: 2022/2023 | N47: 2023/2024 | O47: 2024/2025
A48: 34 | B48: 222310031 | C48: 0064677701 | D48: ABDULLAH AHMAD FAUZAN | E48: L | F48: BREBES | G48: 26 Oktober 2006 | H48: Islam | I48: AHMAD SUJURLIAN | J48: Kp. Jarakosta RT 001/001 Ds. Danau Indah | K48: MTs-22 100140455 | L48: 2022 | M48: 2022/2023 | N48: 2023/2024 | O48: 2024/2025
A49: 35 | B49: 222310032 | C49: 0076929544 | D49: ANDIKA SAPUTRA | E49: L | F49: BEKASI | G49: 21 Mei 2007 | H49: Islam | I49: NARTA | J49: Kp. Rawa Julang RT 004/002 Ds. Mekarwangi Kec. Cikarang Barat Kab. Bekasi | K49: MTs-22 100155205 | L49: 2022 | M49: 2022/2023 | N49: 2023/2024 | O49: 2024/2025
A50: 36 | B50: 222310033 | C50: 0061065498 | D50: ARFHANSYAH PUTRA | E50: L | F50: BEKASI | G50: 18 Juli 2006 | H50: Islam | I50: AMIN AHMADI | J50: Kp. Kamurang RT 001/003 Ds. Cikedokan Kec. Cikarang Barat Kab. Bekasi | K50: MTs-22 100155274 | L50: 2022 | M50: 2022/2023 | N50: 2023/2024 | O50: 2024/2025
A51: 37 | B51: 222310034 | C51: 0077550363 | D51: CAESAR DANDI TRI PERKASA | E51: L | F51: BEKASI | G51: 39176 | H51: Islam | I51: LAMANSYAH ERWIN | J51: Kp. Cibarengkok RT 04/02 No.88 Ds. Jatiwangi | K51: DN-02/D-SMP/K13/ 0087432 | L51: 2022 | M51: 2022/2023 | N51: 2023/2024 | O51: 2024/2025
A52: 38 | B52: 222310035 | C52: 0074682824 | D52: DIMAS RIMUNANDAR | E52: L | F52: BEKASI | G52: 13 April 2007 | H52: Islam | I52: KAJI NURFAIDZI | J52: Kp. Cisaat RT 014/006 Ds. Kertarahayu | K52: DN-02/D-SMP/K13/ 0108336 | L52: 2022 | M52: 2022/2023 | N52: 2023/2024 | O52: 2024/2025
A53: 39 | B53: 222310036 | C53: 0075646043 | D53: DINAR RADITIYA PRATAMA | E53: L | F53: BEKASI | G53: 20 Maret 2007 | H53: Islam | I53: EKA RADIANSYAH | J53: Kp. Cibuntu RT 001/007 Ds. Cibuntu Kec. Cibitung Kab. Bekasi | K53: MTs-22 100155156 | L53: 2022 | M53: 2022/2023 | N53: 2023/2024 | O53: 2024/2025
A54: 40 | B54: 222310037 | C54: 0076987847 | D54: FAHMI SABILA SIDKI | E54: L | F54: BEKASI | G54: 27 Maret 2007 | H54: Islam | I54: TUIN | J54: Kp. Rawa Julang RT 003/002 Ds. Ganda Mekar | K54: DN-02/D-SMP/K13/ 0346153 | L54: 2022 | M54: 2022/2023 | N54: 2023/2024 | O54: 2024/2025
A55: 41 | B55: 222310038 | C55: 0076325232 | D55: FENDI LATIF HENANTA | E55: L | F55: BANTUL | G55: 29 Juli 2007 | H55: Islam | I55: AJI YULIANTO | J55: Manggung Sumber Agung Jetis, Bantul | K55: DN-04/D-SMP/K13/ 0003776 | L55: 2022 | M55: 2022/2023 | N55: 2023/2024 | O55: 2024/2025
A56: 42 | B56: 222310039 | C56: 0072890752 | D56: FERDI LATIF HENANTA | E56: L | F56: BANTUL | G56: 29 Juli 2007 | H56: Islam | I56: AJI YULIANTO | J56: Manggung Sumber Agung Jetis, Bantul | K56: DN-04/D-SMP/K13/ 0003777 | L56: 2022 | M56: 2022/2023 | N56: 2023/2024 | O56: 2024/2025
A57: 43 | B57: 222310040 | C57: 0065370722 | D57: IPANG SAPUTRA | E57: L | F57: BREBES | G57: 21 Desember 2006 | H57: Islam | I57: WAWAN WIJAYA | J57: Kp. Rawa Julang RT 002/002 Ds. Mekarwangi J. Makam Gede | K57: MTs-22 100155378 | L57: 2022 | M57: 2022/2023 | N57: 2023/2024 | O57: 2024/2025
A58: 44 | B58: 222310041 | C58: 0076850408 | D58: M IQBAL HENDRAWAN | E58: L | F58: BEKASI | G58: 14 Mei 2007 | H58: Islam | I58: HENDRA NURDIANSYAH | J58: Kp. Cikedokan RT 003/006 Ds. Cikedokan kec. Cikarang Barat Kab. Bekasi | K58: DN-02/D-SMP/K13/ 0106948 | L58: 2022 | M58: 2022/2023 | N58: 2023/2024 | O58: 2024/2025
A59: 45 | B59: 222310042 | C59: 0069805365 | D59: MAHESA APRIATNA | E59: L | F59: KARAWANG | G59: 9 Maret 2006 | H59: Islam | I59: NANO SUTIONO | J59: Kp. Jarakosta RT/RT 002/001 Ds. Danau Indah | K59: DN-02/D-SMP/K13/ 0087550 | L59: 2022 | M59: 2022/2023 | N59: 2023/2024 | O59: 2024/2025
A60: 46 | B60: 222310043 | C60: 0061289805 | D60: MOHAMMAD SYAHRUR ROMDHONI | E60: L | F60: KOTA BEKASI | G60: 26 September 2006 | H60: Islam | I60: ABDUN NAFI | J60: Kp. Rawa Julang RT 004/002 Ds. Mekarwangi Kec. Cikarang Barat Kab. Bekasi | K60: MTs-22 100155458 | L60: 2022 | M60: 2022/2023 | N60: 2023/2024 | O60: 2024/2025
A61: 47 | B61: 222310044 | C61: 0064789350 | D61: MUHAMAD HARISKY | E61: L | F61: BEKASI | G61: 39041 | H61: Islam | I61: WAHIDIN | J61: Kp. Jarakosta RT 006/004 Ds. Sukadanau Kec. Cikarang Barat Kab. Bekasi | K61: DN-02/D-SMP/K13/ 0087613 | L61: 2022 | M61: 2022/2023 | N61: 2023/2024 | O61: 2024/2025
A62: 48 | B62: 222310045 | C62: 0062164345 | D62: MUHAMAD ILLHAM ALLHUSNI | E62: L | F62: BEKASI | G62: 27 Oktober 2006 | H62: Islam | I62: SARDI | J62: Kp. Lubang Buaya RT 002/008 Ds. Lubang Buaya Kec. Setu Kab. Bekasi | K62: MTs-22 100154074 | L62: 2022 | M62: 2022/2023 | N62: 2023/2024 | O62: 2024/2025
A63: 49 | B63: 222310047 | C63: 0078523307 | D63: MUHAMAD RIZKI ZAELANI | E63: L | F63: BEKASI | G63: 16 Juli 2007 | H63: Islam | I63: SUHARA | J63: Kp. Cikedokan RT 001/005 Ds. Sukadanau, Cikarang Barat | K63: DN-02/D-SMP/K13/ 0086947 | L63: 2022 | M63: 2022/2023 | N63: 2023/2024 | O63: 2024/2025
A64: 50 | B64: 222310048 | C64: 0075254799 | D64: MUHAMMAD FAREL RAMDANI | E64: L | F64: BEKASI | G64: 22 September 2007 | H64: Islam | I64: AGUS MULYADI | J64: Kp. Rawa Banteng RT 002/002 Ds. Mekarwangi | K64: MTs-22 100154319 | L64: 2022 | M64: 2022/2023 | N64: 2023/2024 | O64: 2024/2025
A65: 51 | B65: 222310049 | C65: 0071919948 | D65: MUHAMMAD PANJI AZ-ZIRA | E65: L | F65: BEKASI | G65: 29 Juni 2007 | H65: Islam | I65: UKAR | J65: Kp. Cibarengkok RT 001/002 Ds. Jatiwangi Kec. Cikarang Barat Kab. Bekasi | K65: MTs-22 100155389 | L65: 2022 | M65: 2022/2023 | N65: 2023/2024 | O65: 2024/2025
A66: 52 | B66: 222310050 | C66: 0067237318 | D66: RANGGA TRI AFRIZAL | E66: L | F66: BEKASI | G66: 22 Desember 2006 | H66: Islam | I66: SUHANDI | J66: Kp. Cikedokan RT 001/001 Ds. Cibening Kec. Setu | K66: DN-02/D-SMP/K13/ 0087592 | L66: 2022 | M66: 2022/2023 | N66: 2023/2024 | O66: 2024/2025
A67: 53 | B67: 222310051 | C67: 0074078433 | D67: REYHANUDIEN JUNOS | E67: L | F67: BEKASI | G67: 15 juni 2007 | H67: Islam | I67: EDI SURYANA | J67: Kp. Cikedokan RT 003/006 Ds. Cibening Kec. Setu | K67: DN-02/D-SMP/K13/ 0106932 | L67: 2022 | M67: 2022/2023 | N67: 2023/2024 | O67: 2024/2025
A68: 54 | B68: 222310052 | C68: 0076721700 | D68: RIZKY DWI FIRANSYAH | E68: L | F68: BEKASI | G68: 9 Mei 2007 | H68: Islam | I68: YADI SURYADI | J68: Kp. Cibarengkok Ds. Jatiwangi RT 002/002 Kec. Cikarang Barat Kab. Bekasi | K68: DN-02/D-SMP/K13/ 0087594 | L68: 2022 | M68: 2022/2023 | N68: 2023/2024 | O68: 2024/2025
A69: 55 | B69: 222310053 | C69: 0061614231 | D69: SAEPULLOH | E69: L | F69: BEKASI | G69: 20 Desember 2006 | H69: Islam | I69: IHAD | J69: Ds. Jatiwangi RT 002/003 Kp. Cibarengkok Wetan | K69: DN-02/D-SMP/K13/ 0087627 | L69: 2022 | M69: 2022/2023 | N69: 2023/2024 | O69: 2024/2025
A70: 56 | B70: 222310054 | C70: 0062657633 | D70: SARWAN JAYA | E70: L | F70: BEKASI | G70: 25 November 2006 | H70: Islam | I70: UNAN | J70: Kp. Jarakosta RT 001/001 Ds. Danau Indah | K70: DN-02/D-SMP/K13/ 0087526 | L70: 2022 | M70: 2022/2023 | N70: 2023/2024 | O70: 2024/2025
A71: 57 | B71: 222310055 | C71: 0066220245 | D71: YUSUF FIRDAUS | E71: L | F71: BEKASI | G71: 11 Oktober 2006 | H71: Islam | I71: YUDI BIN H SIDIK | J71: Kp. Jarakosta RT 006/004 Ds. Sukadanau Kec. Cikarang Barat Kab. Bekasi | K71: DN-02/D-SMP/K13/ 0087461 | L71: 2022 | M71: 2022/2023 | N71: 2023/2024 | O71: 2024/2025
A72: 58 | B72: 222310056 | C72: 0069773854 | D72: ADHITYA PRATAMA | E72: L | F72: BEKASI | G72: 27 Juni 2006 | H72: Islam | I72: TUGIYO | J72: Kp. Jarakosta RT 001/001 Ds. Danau Indah | K72: DN-02/D-SMP/K13/ 0087567 | L72: 2022 | M72: 2022/2023 | N72: 2023/2024 | O72: 2024/2025
A73: 59 | B73: 222310057 | C73: 0066401952 | D73: AHMAD ROZIKIN | E73: L | F73: BREBES | G73: 13 Agustus 2006 | H73: Islam | I73: DIWANTO | J73: Kp. Cimunding RT 015/004 Ds. Cimunding Kec. Banjarharjo Kab. Brebes, Jawa Tengah | K73: DN-03/D-SMP/K13/ 0068122 | L73: 2022 | M73: 2022/2023 | N73: 2023/2024 | O73: 2024/2025
... A95: 81 | B95: 222310079 | C95: 0079989890 | D95: YUSUF | E95: L | F95: BEKASI | G95: 20 Maret 2007 | H95: Islam | I95: SAROH SARTIKA | J95: Kp. Cikedokan RT 002/001 Ds. Sukadanau Kec. Cikarang Barat Kab. Bekasi | K95: DN-02/D-SMP/K13/ 0087496 | L95: 2022 | M95: 2022/2023 | N95: 2023/2024 | O95: 2024/2025
A96: TEKNIK ELEKTRONIKA INDUSTRI
A97: 82 | B97: 222310080 | C97: 3070905598 | D97: AMANDA DWI LESTARI | E97: P | F97: Bekasi | G97: 19 Oktober 2007 | H97: Islam | I97: INDA HERMAWAN | J97: Kp. Cibarengkok Ds. Jatiwangi RT 004/002 Kec. Cikarang Barat Kab. Bekasi | K97: DN-02/D-SMP/K13/0087570 | L97: 2022 | M97: 2022/2023 | N97: 2023/2024 | O97: 2024/2025
A98: 83 | B98: 222310081 | C98: 0074408442 | D98: ANA AZIZAH | E98: P | F98: Bekasi | G98: 12 Desember 2007 | H98: Islam | I98: SAANIN | J98: Kp. Cibarengkok RT 001/003 Ds. Jatiwangi | K98: DN-02/D-SMP/K13/0087601 | L98: 2022 | M98: 2022/2023 | N98: 2023/2024 | O98: 2024/2025
A99: 84 | B99: 222310082 | C99: 0079089656 | D99: BANU BUKHORI | E99: P | F99: Bekasi | G99: 5 Februari 2007 | H99: Islam | I99: MARYONO | J99: Kp. Cibuntu RT 003/001 Ds. Cibuntu | K99: DN-02/D-SMP/K13/0076927 | L99: 2022 | M99: 2022/2023 | N99: 2023/2024 | O99: 2024/2025
A100: 85 | B100: 222310083 | C100: 0065044881 | D100: DAMA AJI | E100: L | F100: Jakarta | G100: 39024 | H100: Islam | I100: SURAHMAN | J100: DS. Cikarageman Kec. Setu RT 002/006 No. 68 Kab. Bekasi | K100: MTs-22100155996 | L100: 2022 | M100: 2022/2023 | N100: 2023/2024 | O100: 2024/2025
A101: 86 | B101: 222310084 | C101: 0074594754 | D101: DAVINA KEISYAH PUTRI | E101: P | F101: Bekasi | G101: 27 Maret 2007 | H101: Islam | I101: DEDY MULYADI | J101: Kp. Telajung RT 001/010 Ds. Telajung | K101: MTs-22100154154 | L101: 2022 | M101: 2022/2023 | N101: 2023/2024 | O101: 2024/2025
A102: 87 | B102: 222310085 | C102: 0071365415 | D102: DINA SUBARKAH | E102: P | F102: Bekasi | G102: 4 Maret 2007 | H102: Islam | I102: EDI SUBARKAH | J102: Kp. Kamurang RT 001/001 Ds. Cikedokan Kec. Cikarang Barat Kab. Bekasi | K102: DN-02/D-SMP/K13/0087434 | L102: 2022 | M102: 2022/2023 | N102: 2023/2024 | O102: 2024/2025
A103: 88 | B103: 222310086 | C103: 0061047101 | D103: ERWIN MAULANA | E103: L | F103: Bekasi | G103: 12 Mei 2006 | H103: Islam | I103: MAMAN FIRMANSYAH | J103: Kp. Mariuk RT 001/006 Ds. Ganda Sari | K103: DN-02/D-SMP/K13/0076962 | L103: 2022 | M103: 2022/2023 | N103: 2023/2024 | O103: 2024/2025
A104: 89 | B104: 222310087 | C104: 0061823698 | D104: GITA AMELIA | E104: P | F104: Bekasi | G104: 11 Mei 2006 | H104: Islam | I104: SALIM | J104: Kp. Kamurang RT 001/005 Ds. Cikedokan | K104: DN-02/D-SMP/K13/0087400 | L104: 2022 | M104: 2022/2023 | N104: 2023/2024 | O104: 2024/2025
A105: 90 | B105: 222310088 | C105: 3066812278 | D105: IMAS RAHAYU | E105: P | F105: Bekasi | G105: 28 Desember 2006 | H105: Islam | I105: MISKA | J105: Kp. Cikedokan RT 003/006 Ds. Cibening Kec. Setu | K105: MTs-22100155568 | L105: 2022 | M105: 2022/2023 | N105: 2023/2024 | O105: 2024/2025
A106: 91 | B106: 222310089 | C106: 0073712406 | D106: KAILA ZAHRA | E106: P | F106: Bekasi | G106: 13 Januari 2007 | H106: Islam | I106: RAHMAT TULOH HIDAYAT | J106: Kp. Tegal Tangsi RT 001/002 Ds. Danau Indah Kec. Cikarang Barat | K106: MTs-22100156715 | L106: 2022 | M106: 2022/2023 | N106: 2023/2024 | O106: 2024/2025
A107: 92 | B107: 222310090 | C107: 0073407455 | D107: KHEYSA VIDA ANGGRAINI | E107: P | F107: Sukoharjo | G107: 8 Maret 2007 | H107: Islam | I107: FAJAR AMIR FAHMI | J107: Kp. Cibarengkok RT 002/002 Ds. Jatiwangi Kec. Cikarang Barat Kab. Bekasi | K107: DN-02/D-SMP/K13/0087547 | L107: 2022 | M107: 2022/2023 | N107: 2023/2024 | O107: 2024/2025
A108: 93 | B108: 222310091 | C108: 0058876158 | D108: LEO STEPEN | E108: L | F108: Bekasi | G108: 26 Desember 2005 | H108: Islam | I108: NURMIN | J108: Kp. Rawa Banteng RT 002/002 Ds. Mekarwangi Kec. Cikarang Barat Kab.Bekasi | K108: MTs-22100155279 | L108: 2022 | M108: 2022/2023 | N108: 2023/2024 | O108: 2024/2025
A109: 94 | B109: 222310092 | C109: 0079452159 | D109: M. FACHRI RIZKI MAULANA | E109: L | F109: Bekasi | G109: 27 Agustus 2007 | H109: Islam | I109: MAKMUN | J109: Kp. Telajung RT 001/006 Ds. Telajung Kec. Cikarang Barat | K109: MTs-22100154071 | L109: 2022 | M109: 2022/2023 | N109: 2023/2024 | O109: 2024/2025
A110: 95 | B110: 222310093 | C110: 0071002555 | D110: MELI ANJANI | E110: P | F110: Bekasi | G110: 3 Juni 2007 | H110: Islam | I110: OMA | J110: Kp. Kamurang RT 001/005 Ds. Cikedokan | K110: DN-02/D-SMP/K13/0087511 | L110: 2022 | M110: 2022/2023 | N110: 2023/2024 | O110: 2024/2025
A111: 96 | B111: 222310094 | C111: 0067648631 | D111: MILDA APRILIANNI | E111: P | F111: Sukabumi | G111: 18 April 2006 | H111: Islam | I111: DADANG SUHENDI | J111: Villa Mutiara Cikarang 2 Blok C6 No. 18 RT 022/007 Ds. Suka sejati Kec. Cikarang Selatan Kab. Bekasi | K111: DN-02/D-SMP/K13/0105922 | L111: 2022 | M111: 2022/2023 | N111: 2023/2024 | O111: 2024/2025
A112: 97 | B112: 222310095 | C112: 0077749659 | D112: MUHAMAD RISQI FAJRI | E112: L | F112: Bekasi | G112: 39202 | H112: Islam | I112: SUPARNO | J112: Kp. Rawa Banteng RT 002/002 Ds. Mekarwangi Kec. Cikarang Barat Kab.Bekasi | K112: MTs-22100154232 | L112: 2022 | M112: 2022/2023 | N112: 2023/2024 | O112: 2024/2025
A113: 98 | B113: 222310096 | C113: 0071561555 | D113: MUHAMMAD KHOLIFI ILHAM | E113: L | F113: Bekasi | G113: 6 Maret 2007 | H113: Islam | I113: NIAN | J113: Kp. Jarakosta RT 004/002 Ds. Sukadanau Kec. Cikarang Barat Kab.Bekasi | K113: DN-02/D-SMP/K13/0087590 | L113: 2022 | M113: 2022/2023 | N113: 2023/2024 | O113: 2024/2025
A114: 99 | B114: 222310097 | C114: 0087401174 | D114: NITA NATALIA | E114: P | F114: Bekasi | G114: 16 Agustus 2008 | H114: Islam | I114: YATI OKTAVIANI | J114: Kp. Cibarengkok RT 001/002 Ds. Jatiwangi Kec. Cikarang Barat Kab. Bekasi | K114: DN-02/D-SMP/K13/0087591 | L114: 2022 | M114: 2022/2023 | N114: 2023/2024 | O114: 2024/2025
A115: 100 | B115: 222310143 | C115: 0072009593 | D115: OKTAVIONA SAFITRI | E115: P | F115: Bekasi | G115: 12 Oktober 2007 | H115: Islam | I115: NAMUN NURYANA | J115: Kp Mariuk RT002/RW002, Ds Gandamekar Kec. Cikarang Barat | K115: MTs-22100156730 | L115: 2022 | M115: 2022/2023 | N115: 2023/2024 | O115: 2024/2025
A116: 101 | B116: 222310098 | C116: 0071571646 | D116: RAHAYU OKTAFIANI | E116: P | F116: Bekasi | G116: 4 Oktober 2007 | H116: Islam | I116: ADON | J116: Kp. Cibarengkok RT 001/002 Ds. Jatiwangi Kec. Cikarang Barat Kab. Bekasi | K116: MTs-22100155326 | L116: 2022 | M116: 2022/2023 | N116: 2023/2024 | O116: 2024/2025
A117: 102 | B117: 222310099 | C117: 0071682395 | D117: RAHMAWATI DEWI | E117: P | F117: Bekasi | G117: 4 Juli 2007 | H117: Islam | I117: ROHMAT | J117: Kp. Jarakosta RT 004/002 Ds. Sukadanau Kec. Cikarang Barat Kab.Bekasi | K117: DN-02/D-SMP/K13/0087452 | L117: 2022 | M117: 2022/2023 | N117: 2023/2024 | O117: 2024/2025
A118: 103 | B118: 222310100 | C118: 0077401437 | D118: RISA MELINDA | E118: P | F118: Bekasi | G118: 24 Mei 2007 | H118: Islam | I118: SAKUM | J118: Kp. Rawa Banteng RT 004/001 Ds. Mekarwangi Kec. Cikarang Barat Kab.Bekasi | K118: DN-02/D-SMP/K13/0110545 | L118: 2022 | M118: 2022/2023 | N118: 2023/2024 | O118: 2024/2025
A119: 104 | B119: 222310101 | C119: 0064822724 | D119: RISKA AULIA ANASTASYA | E119: P | F119: Bekasi | G119: 14 November 2006 | H119: Islam | I119: AYAH | J119: Kp. Cibarengkok RT 004/002 Ds, Jatiwangi Kec. Cikarang Barat Kab. Bekasi | K119: DN-02/D-SMP/K13/0292674 | L119: 2022 | M119: 2022/2023 | N119: 2023/2024 | O119: 2024/2025
A120: 105 | B120: 222310102 | C120: 0078593346 | D120: RISMA JULIYANTI | E120: P | F120: Bekasi | G120: 24 Juli 2007 | H120: Islam | I120: ENDI | J120: Kp. Jarakosta RT 005/003 Ds. Sukadanau | K120: DN-02/D-SMP/K13/0087625 | L120: 2022 | M120: 2022/2023 | N120: 2023/2024 | O120: 2024/2025
A121: 106 | B121: 222310103 | C121: 0078558399 | D121: SIGIT ARDI NUGROHO | E121: L | F121: Bekasi | G121: 39406 | H121: Islam | I121: PUAD | J121: Kp.Jarakosta RT 004/002 Ds. Sukadanau Kec. Cikarang Barat Kab. Bekasi | K121: DN-02/D-SMP/K13/0087629 | L121: 2022 | M121: 2022/2023 | N121: 2023/2024 | O121: 2024/2025
A122: 107 | B122: 222310104 | C122: 00724077907 | D122: SITI JUMALA SARI | E122: P | F122: Brebes | G122: 27 Agustus 2007 | H122: Islam | I122: RUSNALI | J122: Kp. Cibarengkok RT 003/002 Ds. Jatiwangi | K122: DN-02/D-SMP/K13/0106610 | L122: 2022 | M122: 2022/2023 | N122: 2023/2024 | O122: 2024/2025
A123: 108 | B123: 222310105 | C123: 0073412174 | D123: SITI NURPADILAH | E123: P | F123: Bekasi | G123: 12 September 2007 | H123: Islam | I123: ENDI KUSNADI | J123: Kp. Kamurang RT 001/003 Ds. Cikedokan Kec. Cikarang Barat Kab. Bekasi | K123: DN-02/D-SMP/K13/0087597 | L123: 2022 | M123: 2022/2023 | N123: 2023/2024 | O123: 2024/2025
A124: 109 | B124: 222310106 | C124: 0079544913 | D124: SRI MUTIARA | E124: P | F124: Bekasi | G124: 6 Februari 2007 | H124: Islam | I124: SAEPUL BAHRI | J124: Kp. Kamurang RT 001/004 Ds. Cikedokan | K124: DN-02/D-SMP/K13/00875329 | L124: 2022 | M124: 2022/2023 | N124: 2023/2024 | O124: 2024/2025
A125: 110 | B125: 222310107 | C125: 0078011149 | D125: SYAHRUL GUNAWAN | E125: L | F125: Bekasi | G125: 39333 | H125: Islam | I125: KAMAN | J125: Kp. Jarakosta RT 005/003 Ds. Suka Danau | K125: DN-02/D-SMP/K13/0087530 | L125: 2022 | M125: 2022/2023 | N125: 2023/2024 | O125: 2024/2025
A126: 111 | B126: 222310108 | C126: 0067521435 | D126: WIJAYANTO FUJI GUMELAR | E126: P | F126: Bekasi | G126: 24 Maret 2006 | H126: Islam | I126: RIANTO | J126: Kp. Bukarngkeng RT 001/006 Ds. Burangkeng Kec. Setu Kab. Bekasi | K126: MTs-22100154146 | L126: 2022 | M126: 2022/2023 | N126: 2023/2024 | O126: 2024/2025
A127: 112 | B127: 222310109 | C127: 0071766661 | D127: YULIANDA ASSYIFA NAZWA | E127: P | F127: Bekasi | G127: 9 Agustus 2007 | H127: Islam | I127: YANTO ALIANA | J127: Kp. Cikedokan RT 001/001 Ds. Cibening Kec. Setu | K127: DN-02/D-SMP/K13/0108363 | L127: 2022 | M127: 2022/2023 | N127: 2023/2024 | O127: 2024/2025
A128: 113 | B128: 242512087 | C128: 0066035802 | D128: DWI ARIFANI ADZANA | E128: L | F128: Bekasi | G128: 19 Mei 2006 | H128: Islam | I128: ARMAN | J128: Kp. Cibitung Kaum 007/013 Ds. Sukadanau Kec. Cikarang Barat Kab. Bekasi | K128: DN-02/D-SMP/K13/0343438
A129: 114 | B129: 222310110 | C129: 0064926120 | D129: ABI MAULANA CHANDRA | E129: L | F129: Bekasi | G129: 20 November 2006 | H129: Islam | I129: CHANDRA | J129: Kp. Lubangbuaya RT 003/002 Ds. Lubangbuaya Kec. Setu Kab. Bekasi | K129: MTs-22100154086 | L129: 2022 | M129: 2022/2023 | N129: 2023/2024 | O129: 2024/2025
A130: 115 | B130: 222310111 | C130: 0061201721 | D130: ADITYA AL MUJAKI | E130: L | F130: Bekasi | G130: 11 November 2006 | H130: Islam | I130: SAMAN HERMAWAN | J130: Kp. Cisaat RT 001/003 Ds. Kertarahayu Kec. Setu Kab. Bekasi | K130: DN-02/D-SMP/K13/0083810 | L130: 2022 | M130: 2022/2023 | N130: 2023/2024 | O130: 2024/2025
A131: 116 | B131: 222310113 | C131: 0073563861 | D131: AMELIA | E131: P | F131: Bekasi | G131: 1 Juli 2007 | H131: Islam | I131: NIAN | J131: Kp. Jarakosta RT 006/004 Ds. Sukadanau Kec. Cikarang Barat Kab. Bekasi | K131: DN-02/D-SMP/K13/0087534 | L131: 2022 | M131: 2022/2023 | N131: 2023/2024 | O131: 2024/2025
A132: 117 | B132: 222310114 | C132: 0072459941 | D132: AQILA QEISHA RAHMADANI | E132: P | F132: Bekasi | G132: 29 September 2007 | H132: Islam | I132: AHMAD BAEHAQI | J132: Kp. Cibarengkok RT 002/002 Ds. Jatiwangi Kec. Cikarang Barat Kab. Bekasi | K132: MTs-22100155273 | L132: 2022 | M132: 2022/2023 | N132: 2023/2024 | O132: 2024/2025
A133: 118 | B133: 222310115 | C133: 0064002542 | D133: AYU PUTRI NEGARI | E133: P | F133: Bekasi | G133: 18 September 2008 | H133: Islam | I133: MARZUKIH | J133: Kp. Jarakosta RT 003/001 Ds. Danau Indah Kec. Cikarang Barat Kab. Bekasi | K133: DN-02/D-SMP/K13/0087604 | L133: 2022 | M133: 2022/2023 | N133: 2023/2024 | O133: 2024/2025
A134: 119 | B134: 222310116 | C134: 0073240741 | D134: DAFA ADITYA PUTRA | E134: L | F134: Bekasi | G134: 31 Oktober 2007 | H134: Islam | I134: NAMUN | J134: Kp. Cigebang RT 003/002 Ds. Cibening Kec. Setu Kab. Bekasi | K134: DN-02/D-SMP/K13/0108300 | L134: 2022 | M134: 2022/2023 | N134: 2023/2024 | O134: 2024/2025
...

Sheet TSM
A1: NAMA SISWA | B1: NIS | C1: TEMPAT | D1: TANGGAL LAHIR | E1: Program Keahlian | F1: JK | G1: PAI | H1: PPKN | I1: Bhs. Indonesia | J1: Matematika | K1: Sejarah Indonesia | L1: Bhs. Inggris | M1: Seni Budaya | N1: PJOK | O1: Bahasa Sunda | P1: SIMULASI DIGITAL | Q1: FISIKA | R1: KIMIA | S1: Dasar Program | T1: Kompetensi Keahlian | U1: rata rata | V1: PKK | W1: NAMA ORTU | X1: NISN | Y1: NO. IJAZAH
A2: ='DATA US'!D47 -> AA DITIA FRATAMA | B2: ='DATA US'!B47 -> 222310030 | C2: Bekasi | D2: 28 Juni 2007 | E2: Teknik Dan Bisnis Sepeda Motor | F2: L | G2: 84.88 | H2: 85.64 | I2: 89.66 | J2: 83.86 | K2: 84 | L2: 83.76 | M2: 81 | N2: 85.1 | O2: 83 | P2: 77 | Q2: 83.5 | R2: 82.5 | S2: 82 | T2: 85.841667 | U2: 83.841667 | V2: 83.566667 | W2: ='DATA US'!I47 -> DEDI | X2: ='DATA US'!C47 -> 0076215153 | Y2: 141202510111852
A3: ='DATA US'!D48 -> ABDULLAH AHMAD FAUZAN | B3: ='DATA US'!B48 -> 222310031 | C3: Brebes | D3: 26 Oktober 2006 | E3: Teknik Dan Bisnis Sepeda Motor | F3: L | G3: 82.92 | H3: 81.58 | I3: 87.2 | J3: 80.62 | K3: 80.5 | L3: 80.9 | M3: 80.5 | N3: 85.3 | O3: 80.5 | P3: 80.5 | Q3: 83 | R3: 82 | S3: 79.166667 | T3: 79 | U3: 81.969333 | V3: 82.566667 | W3: ='DATA US'!I48 -> AHMAD SUJURLIAN | X3: ='DATA US'!C48 -> 0064677701 | Y3: 141202510111865
A4: ='DATA US'!D15 -> ADAM ZAKIE RAMADHAN | B4: ='DATA US'!B15 -> 222310001 | C4: Bekasi | D4: 23 April 2007 | E4: Teknik Dan Bisnis Sepeda Motor | F4: L | G4: 84.44 | H4: 85.7 | I4: 90.58 | J4: 89.92 | K4: 85 | L4: 85.24 | M4: 81.5 | N4: 84.9 | O4: 84.5 | P4: 80.5 | Q4: 86 | R4: 83.5 | S4: 80.333333 | T4: 84.5 | U4: 84.307333 | V4: 85.366667 | W4: ='DATA US'!I15 -> BOIH | X4: ='DATA US'!C15 -> 0072124779 | Y4: 141202510111886
A5: ='DATA US'!D72 -> ADHITYA PRATAMA | B5: ='DATA US'!B72 -> 222310056 | C5: Bekasi | D5: 27 Juni 2006 | E5: Teknik Dan Bisnis Sepeda Motor | F5: L | G5: 83.08 | H5: 85.2 | I5: 88.06 | J5: 83.8 | K5: 86 | L5: 84.48 | M5: 82 | N5: 85.8 | O5: 84.5 | P5: 81.5 | Q5: 84 | R5: 86.5 | S5: 82.333333 | T5: 85.058333 | U5: 84.336 | V5: 84.336 | W5: ='DATA US'!I72 -> TUGIYO | X5: ='DATA US'!C72 -> 0069773854 | Y5: 141202510111898
A6: ='DATA US'!D73 -> AHMAD ROZIKIN | B6: ='DATA US'!B73 -> 222310057 | C6: Brebes | D6: 13 Agustus 2006 | E6: Teknik Dan Bisnis Sepeda Motor | F6: L | G6: 82.33 | H6: 83.8 | I6: 89.89 | J6: 87.38 | K6: 82 | L6: 83.02 | M6: 82 | N6: 81.4 | O6: 82.5 | P6: 77.5 | Q6: 83 | R6: 83.5 | S6: 79.833333 | T6: 85.875 | U6: 83.287667 | V6: 83.287667 | W6: ='DATA US'!I73 -> DIWANTO | X6: ='DATA US'!C73 -> 0066401952 | Y6: 141202510111916
A7: ='DATA US'!D74 -> AKBAR | B7: ='DATA US'!B74 -> 222310058 | C7: Purbalingga | D7: 16 Maret 2007 | E7: Teknik Dan Bisnis Sepeda Motor | F7: L | G7: 82.88 | H7: 83.74 | I7: 85.07 | J7: 79.28 | K7: 84 | L7: 83.02 | M7: 83 | N7: 86.8 | O7: 82.5 | P7: 79.5 | Q7: 83 | R7: 84.5 | S7: 79.833333 | T7: 83.883333 | U7: 82.7945 | V7: 82.7945 | W7: ='DATA US'!I74 -> SUKIMAN | X7: ='DATA US'!C74 -> 0072498885 | Y7: 141202510111924
A8: ='DATA US'!D16 -> AKSAY SETIA AJI | B8: ='DATA US'!B16 -> 222310002 | C8: Bekasi | D8: 24 Maret 2007 | E8: Teknik Dan Bisnis Sepeda Motor | F8: L | G8: 83.34 | H8: 83.28 | I8: 86.12 | J8: 88.76 | K8: 85 | L8: 83.22 | M8: 81.5 | N8: 86 | O8: 82.5 | P8: 79 | Q8: 86 | R8: 85 | S8: 79.5 | T8: 85.183333 | U8: 83.684333 | V8: 84.733333 | W8: ='DATA US'!I16 -> TUGIYANTO | X8: ='DATA US'!C16 -> 0077315289 | Y8: 141202510111937
A9: ='DATA US'!D17 -> ALFRIYANSYAH FINDO SALMAN | B9: ='DATA US'!B17 -> 222310003 | C9: Bekasi | D9: 30 Juni 2007 | E9: Teknik Dan Bisnis Sepeda Motor | F9: L | G9: 82.82 | H9: 84.08 | I9: 83.91 | J9: 83.62 | K9: 83 | L9: 82.2 | M9: 81 | N9: 85.7 | O9: 80.5 | P9: 79 | Q9: 84.5 | R9: 82.5 | S9: 75.666667 | T9: 82.875 | U9: 81.724833 | V9: 83.166667 | W9: ='DATA US'!I17 -> SUROSO | X9: ='DATA US'!C17 -> 0078124071 | Y9: 141202510111942
A10: ='DATA US'!D75 -> AMMAR ABDULLAH | B10: ='DATA US'!B75 -> 222310148 | C10: Bekasi | D10: 02 Juni 2007 | E10: Teknik Dan Bisnis Sepeda Motor | F10: L | G10: 84.72 | H10: 84.28 | I10: 88.87 | J10: 87.08 | K10: 86 | L10: 80.74 | M10: 78 | N10: 86.6 | O10: 79.5 | P10: 84.5 | Q10: 78 | R10: 79.5 | S10: 78.5 | T10: 85.408333 | U10: 82.9745 | V10: 82.9745 | W10: ='DATA US'!I75 -> DASIM | X10: ='DATA US'!C75 -> 0076027666 | Y10: 141202510111974
A11: ='DATA US'!D76 -> ANANDA S DEWA | B11: ='DATA US'!B76 -> 222310059 | C11: Bekasi | D11: 28 Februari 2007 | E11: Teknik Dan Bisnis Sepeda Motor | F11: L | G11: 82.77 | H11: 84.62 | I11: 87.53 | J11: 85.5 | K11: 79 | L11: 83.06 | M11: 82 | N11: 84.8 | O11: 81 | P11: 78 | Q11: 83 | R11: 84 | S11: 81 | T11: 84.808333 | U11: 83.110667 | V11: 83.110667 | W11: ='DATA US'!I76 -> NATA SUNANDAR | X11: ='DATA US'!C76 -> 0073486388 | Y11: 141202510111997
A12: ='DATA US'!D49 -> ANDIKA SAPUTRA | B12: ='DATA US'!B49 -> 222310032 | C12: Bekasi | D12: 21 Mei 2007 | E12: Teknik Dan Bisnis Sepeda Motor | F12: L | G12: 84.9 | H12: 84.36 | I12: 89.96 | J12: 89.58 | K12: 86 | L12: 89.42 | M12: 82 | N12: 86.4 | O12: 84.5 | P12: 82.5 | Q12: 83.5 | R12: 84 | S12: 81.833333 | T12: 86.266667 | U12: 85.147667 | V12: 85.266667 | W12: ='DATA US'!I49 -> NARTA | X12: ='DATA US'!C49 -> 0076929544 | Y12: 141202510112001
A13: ='DATA US'!D77 -> ARDIAN PUTRA PRATAMA | B13: ='DATA US'!B77 -> 222310060 | C13: Sragen | D13: 03 April 2007 | E13: Teknik Dan Bisnis Sepeda Motor | F13: L | G13: 81.92 | H13: 83.8 | I13: 89.53 | J13: 83.48 | K13: 85 | L13: 83.56 | M13: 82 | N13: 82.6 | O13: 81.5 | P13: 78.5 | Q13: 84 | R13: 83 | S13: 80.666667 | T13: 86.258333 | U13: 83.487833 | V13: 83.487833 | W13: ='DATA US'!I77 -> MADIYONO | X13: ='DATA US'!C77 -> 0079924122 | Y13: 141202510112029
A14: ='DATA US'!D50 -> ARFHANSYAH PUTRA | B14: ='DATA US'!B50 -> 222310033 | C14: Bekasi | D14: 18 Juli 2006 | E14: Teknik Dan Bisnis Sepeda Motor | F14: L | G14: 82.94 | H14: 82.96 | I14: 87.74 | J14: 82.06 | K14: 84 | L14: 80.56 | M14: 81 | N14: 84.5 | O14: 84.5 | P14: 78 | Q14: 83 | R14: 82.5 | S14: 81 | T14: 83.95 | U14: 82.818 | V14: 83.8 | W14: ='DATA US'!I50 -> AMIN AHMADI | X14: ='DATA US'!C50 -> 0061065498 | Y14: 141202510112033
A15: ='DATA US'!D78 -> ARI SETIAWAN | B15: ='DATA US'!B78 -> 222310062 | C15: Bekasi | D15: 22 Januari 2007 | E15: Teknik Dan Bisnis Sepeda Motor | F15: L | G15: 84.84 | H15: 87.2 | I15: 90.93 | J15: 85.82 | K15: 86 | L15: 88.1 | M15: 82 | N15: 88.8 | O15: 86.5 | P15: 82 | Q15: 85 | R15: 85.5 | S15: 83.333333 | T15: 86.475 | U15: 85.637833 | V15: 85.637833 | W15: ='DATA US'!I78 -> ENDANG S TORINA | X15: ='DATA US'!C78 -> 0075084595 | Y15: 141202510112041
A16: ='DATA US'!D18 -> ARIEF OKTA PRATAMA | B16: ='DATA US'!B18 -> 222310004 | C16: Ciamis | D16: 20 Oktober 2006 | E16: Teknik Dan Bisnis Sepeda Motor | F16: L | G16: 81.98 | H16: 84.6 | I16: 83.56 | J16: 82.8 | K16: 80 | L16: 81.42 | M16: 82 | N16: 84.8 | O16: 81 | P16: 79.5 | Q16: 83 | R16: 83.5 | S16: 77.333333 | T16: 81.333333 | U16: 81.414667 | V16: 82.8 | W16: ='DATA US'!I18 -> ARLEX FEBRI SURIANTO | X16: ='DATA US'!C18 -> 0134157802 | Y16: 141202510112056
A17: ='DATA US'!D79 -> BAGAS PRATAMA PUTRA | B17: ='DATA US'!B79 -> 222310063 | C17: Bekasi | D17: 27 November 2006 | E17: Teknik Dan Bisnis Sepeda Motor | F17: L | G17: 87.11 | H17: 84.3 | I17: 90.72 | J17: 88.08 | K17: 86 | L17: 90.72 | M17: 82 | N17: 85.5 | O17: 84.5 | P17: 80.5 | Q17: 85.5 | R17: 84.5 | S17: 82.5 | T17: 86.316667 | U17: 85.339833 | V17: 85.339833 | W17: ='DATA US'!I79 -> MISNA | X17: ='DATA US'!C79 -> 0062946213 | Y17: 141202510112079
A18: ='DATA US'!D51 -> CAESAR DANDI TRI PERKASA | B18: ='DATA US'!B51 -> 222310034 | C18: Bekasi | D18: 39176 | E18: Teknik Dan Bisnis Sepeda Motor | F18: L | G18: 84.1 | H18: 83.52 | I18: 88.8 | J18: 89.2 | K18: 85 | L18: 88.26 | M18: 82 | N18: 82.8 | O18: 81.5 | P18: 81 | Q18: 83 | R18: 84 | S18: 81.666667 | T18: 85.383333 | U18: 84.200667 | V18: 84.3 | W18: ='DATA US'!I51 -> LAMANSYAH ERWIN | X18: ='DATA US'!C51 -> 0077550363 | Y18: 141202510112091
A19: ='DATA US'!D19 -> DEDEN RIZKY SAPUTRA | B19: ='DATA US'!B19 -> 222310005 | C19: Bekasi | D19: 8 Agustus 2007 | E19: Teknik Dan Bisnis Sepeda Motor | F19: L | G19: 88.16 | H19: 88.02 | I19: 90.65 | J19: 91.64 | K19: 87.5 | L19: 90.3 | M19: 83 | N19: 85.2 | O19: 86 | P19: 84 | Q19: 86.5 | R19: 87 | S19: 85.333333 | T19: 86.875 | U19: 86.861833 | V19: 85.766667 | W19: ='DATA US'!I19 -> SANDIH | X19: ='DATA US'!C19 -> 0072858452 | Y19: 141202510112137
A20: ='DATA US'!D80 -> DEKA RAMADHANI | B20: ='DATA US'!B80 -> 222310064 | C20: Bekasi | D20: 29 Januari 2008 | E20: Teknik Dan Bisnis Sepeda Motor | F20: L | G20: 86.15 | H20: 85.4 | I20: 91.9 | J20: 90.68 | K20: 87 | L20: 92.84 | M20: 87 | N20: 84.5 | O20: 85.5 | P20: 82.5 | Q20: 86 | R20: 86 | S20: 84.5 | T20: 88.233333 | U20: 86.821833 | V20: 86.821833 | W20: ='DATA US'!I80 -> DEDE SUPENA | X20: ='DATA US'!C80 -> 0082368428 | Y20: 141202510112145
A21: ='DATA US'!D20 -> DENI RAHMAT SAPUTRA | B21: ='DATA US'!B20 -> 222310006 | C21: Bekasi | D21: 8 Agustus 2007 | E21: Teknik Dan Bisnis Sepeda Motor | F21: L | G21: 87.58 | H21: 87.94 | I21: 90.34 | J21: 92.56 | K21: 88 | L21: 90.36 | M21: 83.5 | N21: 81.9 | O21: 87 | P21: 83 | Q21: 86 | R21: 86 | S21: 83.833333 | T21: 86.858333 | U21: 86.437333 | V21: 85.633333 | W21: ='DATA US'!I20 -> SANDIH | X21: ='DATA US'!C20 -> 0073210618 | Y21: 141202510112151
A22: ='DATA US'!D52 -> DIMAS RIMUNANDAR | B22: ='DATA US'!B52 -> 222310035 | C22: Bekasi | D22: 13 April 2007 | E22: Teknik Dan Bisnis Sepeda Motor | F22: L | G22: 85.06 | H22: 84.58 | I22: 89.68 | J22: 82.32 | K22: 85 | L22: 85.52 | M22: 82 | N22: 86.5 | O22: 82.5 | P22: 79 | Q22: 82 | R22: 82 | S22: 82.166667 | T22: 86.475 | U22: 84.078 | V22: 83 | W22: ='DATA US'!I52 -> KAJI NURFAIDZI | X22: ='DATA US'!C52 -> 0074682824 | Y22: 141202510112167
A23: ='DATA US'!D53 -> DINAR RADITIYA PRATAMA | B23: ='DATA US'!B53 -> 222310036 | C23: Bekasi | D23: 20 Maret 2007 | E23: Teknik Dan Bisnis Sepeda Motor | F23: L | G23: 85.54 | H23: 83.88 | I23: 88.68 | J23: 87.38 | K23: 81 | L23: 85.52 | M23: 81.5 | N23: 86.9 | O23: 83 | P23: 79.5 | Q23: 82 | R23: 81.5 | S23: 78.833333 | T23: 83.6 | U23: 83.015 | V23: 83 | W23: ='DATA US'!I53 -> EKA RADIANSYAH | X23: ='DATA US'!C53 -> 0075646043 | Y23: 141202510112186
A24: ='DATA US'!D21 -> DITO AJI TRI CAHYO | B24: ='DATA US'!B21 -> 222310007 | C24: Bekasi | D24: 14 April 2007 | E24: Teknik Dan Bisnis Sepeda Motor | F24: L | G24: 82.82 | H24: 87.18 | I24: 89.31 | J24: 89.64 | K24: 85.5 | L24: 84.64 | M24: 84 | N24: 85.9 | O24: 85.5 | P24: 82 | Q24: 86 | R24: 85 | S24: 83.5 | T24: 84.183333 | U24: 84.9845 | V24: 84.966667 | W24: ='DATA US'!I21 -> BUANG SANTOSO (ALM) | X24: ='DATA US'!C21 -> 0072762394 | Y24: 141202510112197
A25: ='DATA US'!D81 -> DWIYAN PEBRIYANSYAH | B25: ='DATA US'!B81 -> 222310065 | C25: Bekasi | D25: 22 Februari 2007 | E25: Teknik Dan Bisnis Sepeda Motor | F25: L | G25: 84.75 | H25: 83.58 | I25: 86.66 | J25: 89.12 | K25: 86 | L25: 90.14 | M25: 82 | N25: 85 | O25: 83 | P25: 79.5 | Q25: 85 | R25: 85.5 | S25: 81 | T25: 85.033333 | U25: 84.384167 | V25: 84.384167 | W25: ='DATA US'!I81 -> WANTA | X25: ='DATA US'!C81 -> 0073890825 | Y25: 141202510112213
A26: ='DATA US'!D22 -> EGA MAULANA RAYHAN | B26: ='DATA US'!B22 -> 222310008 | C26: Bekasi | D26: 10 Januari 2007 | E26: Teknik Dan Bisnis Sepeda Motor | F26: L | G26: 83.04 | H26: 84.78 | I26: 88.06 | J26: 86.86 | K26: 81.5 | L26: 83.84 | M26: 80.5 | N26: 84.9 | O26: 82.5 | P26: 80 | Q26: 84 | R26: 82.5 | S26: 80.166667 | T26: 86.216667 | U26: 83.617333 | V26: 84.5 | W26: ='DATA US'!I22 -> NAMIN SUWANDA | X26: ='DATA US'!C22 -> 0078607611 | Y26: 141202510112236
A27: ='DATA US'!D54 -> FAHMI SABILA SIDKI | B27: ='DATA US'!B54 -> 222310037 | C27: Bekasi | D27: 27 Maret 2007 | E27: Teknik Dan Bisnis Sepeda Motor | F27: L | G27: 86.46 | H27: 83.68 | I27: 87.46 | J27: 90.56 | K27: 80.5 | L27: 82.32 | M27: 79 | N27: 86.4 | O27: 80 | P27: 77 | Q27: 81 | R27: 81.5 | S27: 77.166667 | T27: 83.466667 | U27: 82.185667 | V27: 82.466667 | W27: ='DATA US'!I54 -> TUIN | X27: ='DATA US'!C54 -> 0076987847 | Y27: 141202510112253
A28: ='DATA US'!D82 -> FALAH AZMI IBRAHIM | B28: ='DATA US'!B82 -> 222310066 | C28: Bekasi | D28: 10 Nopember 2005 | E28: Teknik Dan Bisnis Sepeda Motor | F28: L | G28: 87.04 | H28: 85.22 | I28: 88.88 | J28: 87.64 | K28: 83 | L28: 86.1 | M28: 83 | N28: 86.3 | O28: 81.5 | P28: 78.5 | Q28: 83.5 | R28: 84 | S28: 79.666667 | T28: 86.35 | U28: 84.167333 | V28: 84.167333 | W28: ='DATA US'!I82 -> HIDAYAT | X28: ='DATA US'!C82 -> 0053822774 | Y28: 141202510112269
A29: ='DATA US'!D83 -> FARHAN FIRMANSYAH | B29: ='DATA US'!B83 -> 222310067 | C29: Bekasi | D29: 22 Januari 2007 | E29: Teknik Dan Bisnis Sepeda Motor | F29: L | G29: 83.69 | H29: 84.52 | I29: 88.28 | J29: 86.52 | K29: 85 | L29: 86.06 | M29: 84 | N29: 85.6 | O29: 84 | P29: 79 | Q29: 84 | R29: 86 | S29: 81.166667 | T29: 85.725 | U29: 84.380167 | V29: 84.380167 | W29: ='DATA US'!I83 -> SIMAN | X29: ='DATA US'!C83 -> 007467363 | Y29: 141202510112274
A30: ='DATA US'!D23 -> FAUZA WIJAYA | B30: ='DATA US'!B23 -> 222310009 | C30: Bekasi | D30: 3 Juli 2007 | E30: Teknik Dan Bisnis Sepeda Motor | F30: L | G30: 84.36 | H30: 85.32 | I30: 88.98 | J30: 87.18 | K30: 85 | L30: 83.02 | M30: 80.5 | N30: 85.8 | O30: 82 | P30: 80.5 | Q30: 85.5 | R30: 85 | S30: 80.166667 | T30: 85.058333 | U30: 83.978 | V30: 85.666667 | W30: ='DATA US'!I23 -> MURKIM | X30: ='DATA US'!C23 -> 0071107397 | Y30: 141202510112284
A31: ='DATA US'!D24 -> FAZRI RAMDANI AL BASIT | B31: ='DATA US'!B24 -> 222310010 | C31: Bekasi | D31: 3 Oktober 2007 | E31: Teknik Dan Bisnis Sepeda Motor | F31: L | G31: 83.82 | H31: 84.18 | I31: 87.91 | J31: 85.9 | K31: 82.5 | L31: 84.46 | M31: 82 | N31: 85.6 | O31: 82 | P31: 81 | Q31: 85 | R31: 83.5 | S31: 79.5 | T31: 87.633333 | U31: 84.0835 | V31: 84.766667 | W31: ='DATA US'!I24 -> MUHAMAD SYARIF | X31: ='DATA US'!C24 -> 0072628439 | Y31: 141202510112299
A32: ='DATA US'!D55 -> FENDI LATIF HENANTA | B32: ='DATA US'!B55 -> 222310038 | C32: Bantul | D32: 29 Juli 2007 | E32: Teknik Dan Bisnis Sepeda Motor | F32: L | G32: 83.86 | H32: 85.34 | I32: 89.52 | J32: 81.78 | K32: 84.5 | L32: 85.68 | M32: 81.5 | N32: 83.2 | O32: 84 | P32: 80 | Q32: 84 | R32: 84.5 | S32: 80.5 | T32: 86.4 | U32: 83.962333 | V32: 84.266667 | W32: ='DATA US'!I55 -> AJI YULIANTO | X32: ='DATA US'!C55 -> 0076325232 | Y32: 141202510112318
A33: ='DATA US'!D56 -> FERDI LATIF HENANTA | B33: ='DATA US'!B56 -> 222310039 | C33: Bantul | D33: 29 Juli 2007 | E33: Teknik Dan Bisnis Sepeda Motor | F33: L | G33: 84.18 | H33: 86.4 | I33: 89.58 | J33: 81.32 | K33: 84.5 | L33: 91.16 | M33: 82.5 | N33: 83.6 | O33: 83.5 | P33: 81 | Q33: 83.5 | R33: 84.5 | S33: 81.333333 | T33: 87.983333 | U33: 84.847 | V33: 85.266667 | W33: ='DATA US'!I56 -> AJI YULIANTO | X33: ='DATA US'!C56 -> 0072890752 | Y33: 141202510112322
A34: ='DATA US'!D46 -> HAZAQ OSEAN RAFIF | B34: ='DATA US'!B46 -> 242512086 | C34: Majalengka | D34: 07 Februari 2007 | E34: Teknik Dan Bisnis Sepeda Motor | F34: L | G34: 85.76 | H34: 88.16 | I34: 88.44 | J34: 89.18 | K34: 81.5 | L34: 91.92 | M34: 77.5 | N34: 85.7 | O34: 75 | P34: 83 | Q34: 79.5 | R34: 80 | S34: 84.666667 | T34: 86.9 | U34: 84.676333 | V34: 86.266667 | W34: ='DATA US'!I46 -> Hendrik | X34: ='DATA US'!C46 -> 0075620652 | Y34: 141202510112359
A35: ='DATA US'!D84 -> IFNU MAULANA | B35: ='DATA US'!B84 -> 222310068 | C35: Magetan | D35: 7 Oktober 2007 | E35: Teknik Dan Bisnis Sepeda Motor | F35: L | G35: 85.63 | H35: 87.28 | I35: 91.76 | J35: 91.34 | K35: 85 | L35: 92.12 | M35: 87 | N35: 85.5 | O35: 86 | P35: 82.5 | Q35: 84.5 | R35: 85.5 | S35: 81.666667 | T35: 88.5 | U35: 86.4365 | V35: 86.4365 | W35: ='DATA US'!I84 -> GIYAT | X35: ='DATA US'!C84 -> 0076487037 | Y35: 141202510112382
A36: ='DATA US'!D25 -> INTO | B36: ='DATA US'!B25 -> 222310011 | C36: Bekasi | D36: 24 Februari 2006 | E36: Teknik Dan Bisnis Sepeda Motor | F36: L | G36: 83.12 | H36: 81.96 | I36: 86.32 | J36: 81.78 | K36: 78 | L36: 81.36 | M36: 79.5 | N36: 81.5 | O36: 80.5 | P36: 79 | Q36: 83 | R36: 83 | S36: 76 | T36: 82.966667 | U36: 81.240333 | V36: 84.4 | W36: ='DATA US'!I25 -> KARNO BIN EMUK | X36: ='DATA US'!C25 -> 0064029233 | Y36: 141202510112409
A37: ='DATA US'!D57 -> IPANG SAPUTRA | B37: ='DATA US'!B57 -> 222310040 | C37: Brebes | D37: 21 Desember 2006 | E37: Teknik Dan Bisnis Sepeda Motor | F37: L | G37: 82.88 | H37: 86.24 | I37: 88.84 | J37: 80.8 | K37: 83 | L37: 84.44 | M37: 81.5 | N37: 84.5 | O37: 84.5 | P37: 78 | Q37: 83 | R37: 83 | S37: 81.166667 | T37: 87.333333 | U37: 83.856667 | V37: 83.6 | W37: ='DATA US'!I57 -> WAWAN WIJAYA | X37: ='DATA US'!C57 -> 0065370722 | Y37: 141202510112415
A38: ='DATA US'!D26 -> IRPAN MAULANA | B38: ='DATA US'!B26 -> 222310012 | C38: Bekasi | D38: 19 Januari 2007 | E38: Teknik Dan Bisnis Sepeda Motor | F38: L | G38: 83.14 | H38: 83.74 | I38: 88.27 | J38: 81.78 | K38: 85.5 | L38: 82.1 | M38: 81 | N38: 85.2 | O38: 85.5 | P38: 81 | Q38: 85 | R38: 84.5 | S38: 80.333333 | T38: 85.958333 | U38: 83.804833 | V38: 84.533333 | W38: ='DATA US'!I26 -> SALIM | X38: ='DATA US'!C26 -> 0075073374 | Y38: 141202510112447
A39: ='DATA US'!D85 -> IRWAN SAPUTRA | B39: ='DATA US'!B85 -> 222310069 | C39: Bekasi | D39: 18 April 2007 | E39: Teknik Dan Bisnis Sepeda Motor | F39: L | G39: 82.95 | H39: 83.8 | I39: 86.58 | J39: 82.14 | K39: 84 | L39: 83.18 | M39: 84 | N39: 84.8 | O39: 81.5 | P39: 78.5 | Q39: 83.5 | R39: 84 | S39: 80.166667 | T39: 87.166667 | U39: 83.6275 | V39: 83.6275 | W39: ='DATA US'!I85 -> EDI | X39: ='DATA US'!C85 -> 0072650086 | Y39: 141202510112457
A40: ='DATA US'!D27 -> JULIUS MANGI ULY | B40: ='DATA US'!B27 -> 222310013 | C40: Bandung | D40: 23 Juni 2006 | E40: Teknik Dan Bisnis Sepeda Motor | F40: L | G40: 83.9 | H40: 87.12 | I40: 88.43 | J40: 90.26 | K40: 87 | L40: 84.84 | M40: 82 | N40: 84.7 | O40: 87 | P40: 82.5 | Q40: 86 | R40: 83.5 | S40: 83.5 | T40: 86.95 | U40: 85.545833 | V40: 85.366667 | W40: ='DATA US'!I27 -> YONAS MANGI ULY | X40: ='DATA US'!C27 -> 0066462669 | Y40: 141202510112462
A41: ='DATA US'!D86 -> KARDI MAULANA | B41: ='DATA US'!B86 -> 222310070 | C41: Bekasi | D41: 22 Mei 2007 | E41: Teknik Dan Bisnis Sepeda Motor | F41: L | G41: 85.07 | H41: 85.24 | I41: 88.42 | J41: 87.16 | K41: 85 | L41: 86.28 | M41: 83 | N41: 85.1 | O41: 83 | P41: 80 | Q41: 83 | R41: 85.5 | S41: 80.666667 | T41: 86.391667 | U41: 84.451833 | V41: 84.451833 | W41: ='DATA US'!I86 -> EDI JUNAEDI | X41: ='DATA US'!C86 -> 0073077836 | Y41: 141202510112489
A42: ='DATA US'!D87 -> LUTHFI PURNAMA | B42: ='DATA US'!B87 -> 222310071 | C42: Bekasi | D42: 5 Januari 2007 | E42: Teknik Dan Bisnis Sepeda Motor | F42: L | G42: 84.22 | H42: 85.94 | I42: 90.32 | J42: 88.46 | K42: 86 | L42: 90.14 | M42: 84 | N42: 86.6 | O42: 83.5 | P42: 81 | Q42: 83.5 | R42: 85 | S42: 80.666667 | T42: 87.733333 | U42: 85.352333 | V42: 85.352333 | W42: ='DATA US'!I87 -> SAKRIH | X42: ='DATA US'!C87 -> 0072160321 | Y42: 141202510112524
A43: ='DATA US'!D58 -> M IQBAL HENDRAWAN | B43: ='DATA US'!B58 -> 222310041 | C43: Bekasi | D43: 14 Mei 2007 | E43: Teknik Dan Bisnis Sepeda Motor | F43: L | G43: 86.44 | H43: 86.56 | I43: 91.36 | J43: 85.18 | K43: 86.5 | L43: 87.3 | M43: 84.5 | N43: 86.7 | O43: 87 | P43: 84 | Q43: 86 | R43: 86 | S43: 82.333333 | T43: 86.125 | U43: 85.688667 | V43: 84.733333 | W43: ='DATA US'!I58 -> HENDRA NURDIANSYAH | X43: ='DATA US'!C58 -> 0076850408 | Y43: 141202510112548
A44: ='DATA US'!D89 -> M. GILANG PRAYOGI | B44: ='DATA US'!B89 -> 222310073 | C44: Bekasi | D44: 16 Juni 2007 | E44: Teknik Dan Bisnis Sepeda Motor | F44: L | G44: 84.73 | H44: 84.22 | I44: 90.28 | J44: 83.24 | K44: 86 | L44: 86.52 | M44: 83 | N44: 83.1 | O44: 84 | P44: 83 | Q44: 84 | R44: 85 | S44: 82.333333 | T44: 84.641667 | U44: 84.2795 | V44: 84.2795 | W44: ='DATA US'!I89 -> KARSUM | X44: ='DATA US'!C89 -> 0071000045 | Y44: 141202510112769
A45: ='DATA US'!D28 -> M.RHAFLY RAHMAN | B45: ='DATA US'!B28 -> 222310014 | C45: Bekasi | D45: 10 April 2007 | E45: Teknik Dan Bisnis Sepeda Motor | F45: L | G45: 84.68 | H45: 86.42 | I45: 89.76 | J45: 89.64 | K45: 87 | L45: 85.44 | M45: 84.5 | N45: 84.8 | O45: 85.5 | P45: 82 | Q45: 84.5 | R45: 82.5 | S45: 84.333333 | T45: 86.233333 | U45: 85.468667 | V45: 84.7 | W45: ='DATA US'!I28 -> SURI SURAHMAN | X45: ='DATA US'!C28 -> 0072204586 | Y45: 141202510112586
A46: ='DATA US'!D59 -> MAHESA APRIATNA | B46: ='DATA US'!B59 -> 222310042 | C46: Karawang | D46: 9 Maret 2006 | E46: Teknik Dan Bisnis Sepeda Motor | F46: L | G46: 83.5 | H46: 85.72 | I46: 89.36 | J46: 80.94 | K46: 84 | L46: 84.88 | M46: 81.5 | N46: 87 | O46: 85.5 | P46: 78.5 | Q46: 83 | R46: 83 | S46: 80.666667 | T46: 86.733333 | U46: 84.02 | V46: 84.566667 | W46: ='DATA US'!I59 -> NANO SUTIONO | X46: ='DATA US'!C59 -> 0069805365 | Y46: 141202510112597
A47: ='DATA US'!D29 -> MARJAYA | B47: ='DATA US'!B29 -> 222310141 | C47: Bekasi | D47: 21 Mei 2007 | E47: Teknik Dan Bisnis Sepeda Motor | F47: L | G47: 81.7 | H47: 81.26 | I47: 84.38 | J47: 80.24 | K47: 75 | L47: 81.6 | M47: 78 | N47: 81.1 | O47: 75 | P47: 80.5 | Q47: 77 | R47: 77 | S47: 75 | T47: 82.883333 | U47: 79.580667 | V47: 82.3 | W47: ='DATA US'!I29 -> KOMARUDIN | X47: ='DATA US'!C29 -> 0071036654 | Y47: 141202510112604
A48: ='DATA US'!D30 -> MARSANDA | B48: ='DATA US'!B30 -> 222310015 | C48: Bekasi | D48: 25 April 2006 | E48: Teknik Dan Bisnis Sepeda Motor | F48: L | G48: 81.12 | H48: 81.52 | I48: 83.57 | J48: 79.42 | K48: 76.5 | L48: 79.76 | M48: 81 | N48: 86.4 | O48: 81 | P48: 78.5 | Q48: 82 | R48: 82 | S48: 77 | T48: 83.6 | U48: 81.0095 | V48: 82 | W48: ='DATA US'!I30 -> RASAN BIN BADENG | X48: ='DATA US'!C30 -> 0064639984 | Y48: 141202510112616
A49: ='DATA US'!D60 -> MOHAMMAD SYAHRUR ROMDHONI | B49: ='DATA US'!B60 -> 222310043 | C49: Bekasi | D49: 26 September 2006 | E49: Teknik Dan Bisnis Sepeda Motor | F49: L | G49: 83.88 | H49: 85.46 | I49: 88.58 | J49: 82.32 | K49: 83.5 | L49: 85.34 | M49: 81 | N49: 84.9 | O49: 81.5 | P49: 82 | Q49: 82 | R49: 82 | S49: 80.5 | T49: 87.541667 | U49: 83.962333 | V49: 85.1 | W49: ='DATA US'!I60 -> ABDUN NAFI | X49: ='DATA US'!C60 -> 0061289805 | Y49: 141202510112578
A50: ='DATA US'!D88 -> MUHAMAD AGUNG LAKSANA | B50: ='DATA US'!B88 -> 222310072 | C50: Bekasi | D50: 9 Agustus 2007 | E50: Teknik Dan Bisnis Sepeda Motor | F50: L | G50: 81.49 | H50: 82.96 | I50: 83.79 | J50: 81.02 | K50: 82 | L50: 82.86 | M50: 83 | N50: 80.8 | O50: 81 | P50: 80.5 | Q50: 82.5 | R50: 83.5 | S50: 78.5 | T50: 83.475 | U50: 81.967667 | V50: 81.967667 | W50: ='DATA US'!I88 -> MINAL SYAHRONI | X50: ='DATA US'!C88 -> 0074411269 | Y50: 141202510112679
A51: ='DATA US'!D31 -> MUHAMAD FADILAH | B51: ='DATA US'!B31 -> 222310016 | C51: Tasik Malaya | D51: 5 September 2006 | E51: Teknik Dan Bisnis Sepeda Motor | F51: L | G51: 82.44 | H51: 82.8 | I51: 83.33 | J51: 79.96 | K51: 79 | L51: 81.26 | M51: 80 | N51: 85 | O51: 83.5 | P51: 79 | Q51: 81.5 | R51: 81.5 | S51: 75.666667 | T51: 82.7 | U51: 80.9545 | V51: 82 | W51: ='DATA US'!I31 -> ELI SUHERMAN | X51: ='DATA US'!C31 -> 0064164564 | Y51: 141202510112685
A52: ='DATA US'!D61 -> MUHAMAD HARISKY | B52: ='DATA US'!B61 -> 222310044 | C52: Bekasi | D52: 39041 | E52: Teknik Dan Bisnis Sepeda Motor | F52: L | G52: 84.58 | H52: 86.24 | I52: 88.82 | J52: 90.04 | K52: 84 | L52: 86.54 | M52: 82 | N52: 86.5 | O52: 82 | P52: 80 | Q52: 83 | R52: 82 | S52: 81.5 | T52: 86.35 | U52: 84.499333 | V52: 84.366667 | W52: ='DATA US'!I61 -> WAHIDIN | X52: ='DATA US'!C61 -> 0064789350 | Y52: 141202510112697
A53: ='DATA US'!D62 -> MUHAMAD ILLHAM ALLHUSNI | B53: ='DATA US'!B62 -> 222310045 | C53: Bekasi | D53: 27 Oktober 2006 | E53: Teknik Dan Bisnis Sepeda Motor | F53: L | G53: 86.14 | H53: 86.92 | I53: 91.08 | J53: 88.6 | K53: 84.5 | L53: 84.5 | M53: 82 | N53: 87.7 | O53: 86.5 | P53: 79 | Q53: 84 | R53: 82.5 | S53: 84.5 | T53: 86.416667 | U53: 85.337 | V53: 84.133333 | W53: ='DATA US'!I62 -> SARDI | X53: ='DATA US'!C62 -> 0062164345 | Y53: 141202510112707
A54: ='DATA US'!D32 -> MUHAMAD RIDWAN | B54: ='DATA US'!B32 -> 222310017 | C54: Bekasi | D54: 1 Mei 2007 | E54: Teknik Dan Bisnis Sepeda Motor | F54: L | G54: 82.02 | H54: 85.18 | I54: 83.33 | J54: 81.98 | K54: 77.5 | L54: 80.88 | M54: 81 | N54: 84.8 | O54: 81 | P54: 79 | Q54: 82.5 | R54: 83 | S54: 76 | T54: 82.491667 | U54: 81.1145 | V54: 82.133333 | W54: ='DATA US'!I32 -> SUKARNO | X54: ='DATA US'!C32 -> 0076466900 | Y54: 141202510112711
A55: ='DATA US'!D63 -> MUHAMAD RIZKI ZAELANI | B55: ='DATA US'!B63 -> 222310047 | C55: Bekasi | D55: 16 Juli 2007 | E55: Teknik Dan Bisnis Sepeda Motor | F55: L | G55: 83.12 | H55: 84.74 | I55: 89.14 | J55: 88.94 | K55: 83 | L55: 85.6 | M55: 83 | N55: 84.3 | O55: 85 | P55: 83 | Q55: 83.5 | R55: 83.5 | S55: 81.333333 | T55: 86.383333 | U55: 84.518667 | V55: 84 | W55: ='DATA US'!I63 -> SUHARA | X55: ='DATA US'!C63 -> 0078523307 | Y55: 141202510112734
A56: ='DATA US'!D33 -> MUHAMMAD DAFFA BADRANI | B56: ='DATA US'!B33 -> 222310018 | C56: Bekasi | D56: 13 Mei 2007 | E56: Teknik Dan Bisnis Sepeda Motor | F56: L | G56: 82.5 | H56: 81.74 | I56: 83.88 | J56: 79.72 | K56: 78 | L56: 80.12 | M56: 79.5 | N56: 85.4 | O56: 81 | P56: 78.5 | Q56: 81.5 | R56: 82.5 | S56: 81.333333 | T56: 84.608333 | U56: 81.954667 | V56: 82.3 | W56: ='DATA US'!I33 -> ANANG WIHANANTO | X56: ='DATA US'!C33 -> 0078778308 | Y56: 141202510112758
A57: ='DATA US'!D64 -> MUHAMMAD FAREL RAMDANI | B57: ='DATA US'!B64 -> 222310048 | C57: Bekasi | D57: 22 September 2007 | E57: Teknik Dan Bisnis Sepeda Motor | F57: L | G57: 82.56 | H57: 84.36 | I57: 89.12 | J57: 88.9 | K57: 83 | L57: 84.72 | M57: 81.5 | N57: 83.3 | O57: 83.5 | P57: 82 | Q57: 84.5 | R57: 84 | S57: 80.5 | T57: 87.158333 | U57: 84.313 | V57: 84.666667 | W57: ='DATA US'!I64 -> AGUS MULYADI | X57: ='DATA US'!C64 -> 0075254799 | Y57: 141202510112537
A58: ='DATA US'!D34 -> MUHAMMAD HAFIZ | B58: ='DATA US'!B34 -> 222310019 | C58: Bekasi | D58: 17 Desember 2006 | E58: Teknik Dan Bisnis Sepeda Motor | F58: L | G58: 85.98 | H58: 87.64 | I58: 89.26 | J58: 91.12 | K58: 88.5 | L58: 88.74 | M58: 84 | N58: 85.6 | O58: 87.5 | P58: 81.5 | Q58: 85 | R58: 84.5 | S58: 84.833333 | T58: 87.3 | U58: 86.400333 | V58: 84.966667 | W58: ='DATA US'!I34 -> DRS. HASANUDDIN | X58: ='DATA US'!C34 -> 0062690739 | Y58: 141202510112771
A59: ='DATA US'!D35 -> MUHAMMAD NUR | B59: ='DATA US'!B35 -> 222310020 | C59: Bekasi | D59: 16 Januari 2007 | E59: Teknik Dan Bisnis Sepeda Motor | F59: L | G59: 85.34 | H59: 87.94 | I59: 90.14 | J59: 90.84 | K59: 87 | L59: 91.52 | M59: 83.5 | N59: 85.5 | O59: 86.5 | P59: 83 | Q59: 84.5 | R59: 84 | S59: 84.666667 | T59: 86.825 | U59: 86.362333 | V59: 86.166667 | W59: ='DATA US'!I35 -> NIRAN | X59: ='DATA US'!C35 -> 0073389680 | Y59: 141202510112796
A60: ='DATA US'!D65 -> MUHAMMAD PANJI AZ-ZIRA | B60: ='DATA US'!B65 -> 222310049 | C60: Bekasi | D60: 29 Juni 2007 | E60: Teknik Dan Bisnis Sepeda Motor | F60: L | G60: 82.2 | H60: 83.36 | I60: 87.6 | J60: 80.12 | K60: 83 | L60: 81.44 | M60: 81.5 | N60: 85.6 | O60: 83.5 | P60: 79.5 | Q60: 83.5 | R60: 82 | S60: 80.833333 | T60: 84.383333 | U60: 82.819333 | V60: 83.033333 | W60: ='DATA US'!I65 -> UKAR | X60: ='DATA US'!C65 -> 0071919948 | Y60: 141202510112808
A61: ='DATA US'!D36 -> MUHAMMAD REIFAN | B61: ='DATA US'!B36 -> 222310021 | C61: Bekasi | D61: 1 April 2007 | E61: Teknik Dan Bisnis Sepeda Motor | F61: L | G61: 81.98 | H61: 82.96 | I61: 88.69 | J61: 89.04 | K61: 78.5 | L61: 83.46 | M61: 79.5 | N61: 85 | O61: 80.5 | P61: 80 | Q61: 82.5 | R61: 82 | S61: 76.166667 | T61: 86.375 | U61: 82.628167 | V61: 84.433333 | W61: ='DATA US'!I36 -> SYAEFUL | X61: ='DATA US'!C36 -> 0078597234 | Y61: 141202510112818
A62: ='DATA US'!D37 -> MUHAMMAD SATRIA ZAINAL | B62: ='DATA US'!B37 -> 222310022 | C62: Bekasi | D62: 2 Januari 2007 | E62: Teknik Dan Bisnis Sepeda Motor | F62: L | G62: 82.84 | H62: 86.58 | I62: 88.66 | J62: 85.12 | K62: 85 | L62: 82.56 | M62: 82.5 | N62: 84.7 | O62: 86 | P62: 80 | Q62: 84 | R62: 83.5 | S62: 84.166667 | T62: 87.525 | U62: 84.974667 | V62: 85.433333 | W62: ='DATA US'!I37 -> ZAINAL ABIDIN | X62: ='DATA US'!C37 -> 0072510220 | Y62: 141202510112822
A63: ='DATA US'!D90 -> MUHAMMAD YUSUF MAULANA | B63: ='DATA US'!B90 -> 222310075 | C63: Bekasi | D63: 04 November 2006 | E63: Teknik Dan Bisnis Sepeda Motor | F63: L | G63: 85.17 | H63: 86.72 | I63: 90.84 | J63: 86.8 | K63: 87 | L63: 90.24 | M63: 83 | N63: 82.4 | O63: 87 | P63: 82 | Q63: 83 | R63: 85 | S63: 83.5 | T63: 86.025 | U63: 85.4435 | V63: 85.4435 | W63: ='DATA US'!I90 -> OSAN | X63: ='DATA US'!C90 -> 0061028869 | Y63: 141202510112846
A64: ='DATA US'!D38 -> NAUFAL ASAD | B64: ='DATA US'!B38 -> 222310023 | C64: Bekasi | D64: 5 Agustus 2007 | E64: Teknik Dan Bisnis Sepeda Motor | F64: L | G64: 86.94 | H64: 86.74 | I64: 89.59 | J64: 83.12 | K64: 88.5 | L64: 87.28 | M64: 83.5 | N64: 84.9 | O64: 86 | P64: 82 | Q64: 84.5 | R64: 85.5 | S64: 80.833333 | T64: 85.508333 | U64: 84.9335 | V64: 85.566667 | W64: ='DATA US'!I38 -> ABDUL HASSIM | X64: ='DATA US'!C38 -> 0078400677 | Y64: 141202510112864
A65: ='DATA US'!D39 -> PAHRUDIN HIDAYAT | B65: ='DATA US'!B39 -> 222310147 | C65: Bekasi | D65: 23 Agustus 2006 | E65: Teknik Dan Bisnis Sepeda Motor | F65: L | G65: 80.98 | H65: 80.5 | I65: 84.29 | J65: 86.74 | K65: 76.5 | L65: 80.66 | M65: 76.5 | N65: 82.9 | O65: 79 | P65: 76.5 | Q65: 75.5 | R65: 75.5 | S65: 75.5 | T65: 82.95 | U65: 79.866833 | V65: 83.466667 | W65: ='DATA US'!I39 -> NEMAT | X65: ='DATA US'!C39 -> 0061172472 | Y65: 141202510112915
A66: ='DATA US'!D40 -> RAFA ARDIANSYAH | B66: ='DATA US'!B40 -> 222310024 | C66: Bekasi | D66: 5 Maret 2007 | E66: Teknik Dan Bisnis Sepeda Motor | F66: L | G66: 81.48 | H66: 80.72 | I66: 83.53 | J66: 82.96 | K66: 80 | L66: 80.48 | M66: 78 | N66: 80.5 | O66: 79 | P66: 79 | Q66: 80 | R66: 81.5 | S66: 75.333333 | T66: 84.15 | U66: 80.610167 | V66: 82.433333 | W66: ='DATA US'!I40 -> PURWADU | X66: ='DATA US'!C40 -> 0071750896 | Y66: 141202510112922
A67: ='DATA US'!D66 -> RANGGA TRI AFRIZAL | B67: ='DATA US'!B66 -> 222310050 | C67: Bekasi | D67: 22 Desember 2006 | E67: Teknik Dan Bisnis Sepeda Motor | F67: L | G67: 82.64 | H67: 86 | I67: 88.4 | J67: 88.14 | K67: 82 | L67: 84.96 | M67: 81.5 | N67: 86.8 | O67: 84 | P67: 78.5 | Q67: 83.5 | R67: 82.5 | S67: 82.5 | T67: 86.116667 | U67: 84.293667 | V67: 84.966667 | W67: ='DATA US'!I66 -> SUHANDI | X67: ='DATA US'!C66 -> 0067237318 | Y67: 141202510112966
A68: ='DATA US'!D67 -> REYHANUDIEN JUNOS | B68: ='DATA US'!B67 -> 222310051 | C68: Bekasi | D68: 15 juni 2007 | E68: Teknik Dan Bisnis Sepeda Motor | F68: L | G68: 85.98 | H68: 85.78 | I68: 89.6 | J68: 82.46 | K68: 84.5 | L68: 83.36 | M68: 81.5 | N68: 85.2 | O68: 84 | P68: 78 | Q68: 82.5 | R68: 82 | S68: 81.166667 | T68: 83.491667 | U68: 83.280667 | V68: 83.266667 | W68: ='DATA US'!I67 -> EDI SURYANA | X68: ='DATA US'!C67 -> 0074078433 | Y68: 141202510112971
A69: ='DATA US'!D91 -> RIFKI ARDIANSYAH | B69: ='DATA US'!B91 -> 222310076 | C69: Tasikmalaya | D69: 1 Maret 2006 | E69: Teknik Dan Bisnis Sepeda Motor | F69: L | G69: 84.85 | H69: 85 | I69: 88.98 | J69: 83.82 | K69: 88 | L69: 84.4 | M69: 82 | N69: 87.1 | O69: 86.5 | P69: 82 | Q69: 84 | R69: 85 | S69: 84.333333 | T69: 87.716667 | U69: 85.4825 | V69: 85.4825 | W69: ='DATA US'!I91 -> A. DEDY SETIADI | X69: ='DATA US'!C91 -> 0066062643 | Y69: 141202510112984
A70: ='DATA US'!D68 -> RIZKY DWI FIRANSYAH | B70: ='DATA US'!B68 -> 222310052 | C70: Bekasi | D70: 9 Mei 2007 | E70: Teknik Dan Bisnis Sepeda Motor | F70: L | G70: 82.9 | H70: 81.6 | I70: 86.76 | J70: 81.46 | K70: 83 | L70: 83.48 | M70: 81 | N70: 84.7 | O70: 80.5 | P70: 77 | Q70: 83 | R70: 81.5 | S70: 80 | T70: 83.775 | U70: 82.348333 | V70: 84.966667 | W70: ='DATA US'!I68 -> YADI SURYADI | X70: ='DATA US'!C68 -> 0076721700 | Y70: 141202510113037
A71: ='DATA US'!D41 -> ROY TANSRI ARTAMA | B71: ='DATA US'!B41 -> 222310025 | C71: Sragen | D71: 02 Mei 2007 | E71: Teknik Dan Bisnis Sepeda Motor | F71: L | G71: 82.1 | H71: 84.56 | I71: 87.19 | J71: 83.62 | K71: 76 | L71: 80.44 | M71: 77.5 | N71: 84.1 | O71: 78 | P71: 78 | Q71: 81 | R71: 82 | S71: 76.333333 | T71: 84.633333 | U71: 81.2805 | V71: 83.566667 | W71: ='DATA US'!I41 -> SRI YONO | X71: ='DATA US'!C41 -> 0064628744 | Y71: 141202510113047
A72: ='DATA US'!D69 -> SAEPULLOH | B72: ='DATA US'!B69 -> 222310053 | C72: Bekasi | D72: 20 Desember 2006 | E72: Teknik Dan Bisnis Sepeda Motor | F72: L | G72: 83.28 | H72: 85.28 | I72: 85.9 | J72: 88.28 | K72: 81 | L72: 81.6 | M72: 81 | N72: 84.6 | O72: 82 | P72: 76.5 | Q72: 83 | R72: 83 | S72: 79.333333 | T72: 83.991667 | U72: 82.612 | V72: 82.833333 | W72: ='DATA US'!I69 -> IHAD | X72: ='DATA US'!C69 -> 0061614231 | Y72: 141202510113051
A73: ='DATA US'!D92 -> SAIPUL BAHRI | B73: ='DATA US'!B92 -> 222310140 | C73: Bekasi | D73: 18 Januari 2006 | E73: Teknik Dan Bisnis Sepeda Motor | F73: L | G73: 80.93 | H73: 82.68 | I73: 83.39 | J73: 79.12 | K73: 77 | L73: 80.12 | M73: 79 | N73: 84.8 | O73: 78 | P73: 79 | Q73: 80.5 | R73: 81 | S73: 76.5 | T73: 81.533333 | U73: 80.195333 | V73: 80.195333 | W73: ='DATA US'!I92 -> ITAN BASUKI | X73: ='DATA US'!C92 -> 0067092691 | Y73: 141202510113064
A74: ='DATA US'!D93 -> SAPRUDIN SANJAYA | B74: ='DATA US'!B93 -> 222310077 | C74: Bekasi | D74: 10 Oktober 2006 | E74: Teknik Dan Bisnis Sepeda Motor | F74: L | G74: 83.45 | H74: 83.96 | I74: 89.83 | J74: 81.08 | K74: 86 | L74: 85.46 | M74: 83.5 | N74: 84.4 | O74: 83 | P74: 80 | Q74: 83 | R74: 84 | S74: 81.5 | T74: 86.95 | U74: 84.214 | V74: 84.214 | W74: ='DATA US'!I93 -> GANDIL | X74: ='DATA US'!C93 -> 0068846668 | Y74: 141202510113089
A75: ='DATA US'!D70 -> SARWAN JAYA | B75: ='DATA US'!B70 -> 222310054 | C75: Bekasi | D75: 25 November 2006 | E75: Teknik Dan Bisnis Sepeda Motor | F75: L | G75: 85.74 | H75: 89.36 | I75: 90.52 | J75: 92.36 | K75: 86 | L75: 85.98 | M75: 85.5 | N75: 87.5 | O75: 85.5 | P75: 79.5 | Q75: 85.5 | R75: 85 | S75: 83.166667 | T75: 88.308333 | U75: 86.344667 | V75: 85.7 | W75: ='DATA US'!I70 -> UNAN | X75: ='DATA US'!C70 -> 0062657633 | Y75: 141202510113099
A76: ='DATA US'!D42 -> SATRYO PASHA RAMANDA | B76: ='DATA US'!B42 -> 222310026 | C76: Tanggerang | D76: 23 Januari 2007 | E76: Teknik Dan Bisnis Sepeda Motor | F76: L | G76: 83.82 | H76: 86.14 | I76: 89.44 | J76: 87.92 | K76: 85 | L76: 84.9 | M76: 80.5 | N76: 81.3 | O76: 84.5 | P76: 81.5 | Q76: 84 | R76: 83.5 | S76: 80.166667 | T76: 86.266667 | U76: 84.111 | V76: 84.133333 | W76: ='DATA US'!I42 -> DWINANTO WIBOWO | X76: ='DATA US'!C42 -> 0071829562 | Y76: 141202510113107
A77: ='DATA US'!D43 -> SOBRIYANTO | B77: ='DATA US'!B43 -> 222310027 | C77: Bekasi | D77: 16 Januari 2007 | E77: Teknik Dan Bisnis Sepeda Motor | F77: L | G77: 85.52 | H77: 88.02 | I77: 90.45 | J77: 89.16 | K77: 88.5 | L77: 88.92 | M77: 83 | N77: 83.2 | O77: 87.5 | P77: 84 | Q77: 86 | R77: 85 | S77: 85 | T77: 85.8 | U77: 86.170167 | V77: 85.933333 | W77: ='DATA US'!I43 -> IDUT | X77: ='DATA US'!C43 -> 0078911090 | Y77: 141202510113169
A78: ='DATA US'!D44 -> WANA SUMARNA | B78: ='DATA US'!B44 -> 222310028 | C78: Bekasi | D78: 4 September 2007 | E78: Teknik Dan Bisnis Sepeda Motor | F78: L | G78: 85.44 | H78: 86.34 | I78: 89.34 | J78: 89.76 | K78: 86.5 | L78: 84.84 | M78: 84 | N78: 83.1 | O78: 86 | P78: 83.5 | Q78: 84.5 | R78: 84 | S78: 83.166667 | T78: 85.691667 | U78: 85.284333 | V78: 86.1 | W78: ='DATA US'!I44 -> UMAR SUMARNA | X78: ='DATA US'!C44 -> 0078505225 | Y78: 141202510113207
A79: ='DATA US'!D94 -> WARNO DINATA | B79: ='DATA US'!B94 -> 222310078 | C79: Bekasi | D79: 25 April 2007 | E79: Teknik Dan Bisnis Sepeda Motor | F79: L | G79: 82.51 | H79: 85.08 | I79: 88.51 | J79: 88.36 | K79: 83 | L79: 85.82 | M79: 83 | N79: 81.1 | O79: 81.5 | P79: 80 | Q79: 82.5 | R79: 84 | S79: 80.166667 | T79: 87.583333 | U79: 84.032333 | V79: 84.032333 | W79: ='DATA US'!I94 -> RUDI | X79: ='DATA US'!C94 -> 0074692256 | Y79: 141202510113213
A80: ='DATA US'!D45 -> WISNU BINTANG BERLIAN | B80: ='DATA US'!B45 -> 222310029 | C80: Bekasi | D80: 16 April 2007 | E80: Teknik Dan Bisnis Sepeda Motor | F80: L | G80: 82.04 | H80: 81.96 | I80: 84.14 | J80: 87.62 | K80: 79 | L80: 80.72 | M80: 79 | N80: 80.8 | O80: 79.5 | P80: 79 | Q80: 81.5 | R80: 82.5 | S80: 76.833333 | T80: 83.35 | U80: 81.305667 | V80: 84.433333 | W80: ='DATA US'!I45 -> TOMPUL | X80: ='DATA US'!C45 -> 0071843924 | Y80: 141202510113235
A81: ='DATA US'!D95 -> YUSUF | B81: ='DATA US'!B95 -> 222310079 | C81: Bekasi | D81: 20 Maret 2007 | E81: Teknik Dan Bisnis Sepeda Motor | F81: L | G81: 83.12 | H81: 83.58 | I81: 87.47 | J81: 83.56 | K81: 84 | L81: 85.36 | M81: 82 | N81: 84.8 | O81: 81.5 | P81: 80 | Q81: 82 | R81: 84 | S81: 80.166667 | T81: 85.925 | U81: 83.4945 | V81: 83.4945 | W81: ='DATA US'!I95 -> SAROH SARTIKA | X81: ='DATA US'!C95 -> 0079989890 | Y81: 141202510113265
A82: ='DATA US'!D71 -> YUSUF FIRDAUS | B82: ='DATA US'!B71 -> 222310055 | C82: Bekasi | D82: 11 Oktober 2006 | E82: Teknik Dan Bisnis Sepeda Motor | F82: L | G82: 84.34 | H82: 87.3 | I82: 87.64 | J82: 87.3 | K82: 84.5 | L82: 82.72 | M82: 82.5 | N82: 82.2 | O82: 82.5 | P82: 80 | Q82: 83.5 | R82: 83 | S82: 80.166667 | T82: 85 | U82: 83.601667 | V82: 84.033333 | W82: ='DATA US'!I71 -> YUDI BIN H SIDIK | X82: ='DATA US'!C71 -> 0066220245 | Y82: 141202510113253
W189: ='DATA US'!I202 -> 0
W190: ='DATA US'!I203 -> 0
W191: ='DATA US'!I204 -> 0
W192: ='DATA US'!I205 -> 0
W193: ='DATA US'!I206 -> 0
W194: ='DATA US'!I207 -> 0
W195: ='DATA US'!I208 -> 0
W196: ='DATA US'!I209 -> 0
W197: ='DATA US'!I210 -> 0
W198: ='DATA US'!I211 -> 0
W199: ='DATA US'!I212 -> 0
W200: ='DATA US'!I213 -> 0
... W261: ='DATA US'!I274 -> 0

Sheet ELIND
A1: NO | B1: No Surat | C1: NAMA SISWA | D1: NIS | E1: TEMPAT | F1: TANGGAL LAHIR | G1: Program Keahlian | H1: JK | I1: PAI | J1: PPKN | K1: Bhs. Indonesia | L1: Matematika | M1: Sejarah Indonesia | N1: Bhs. Inggris | O1: Seni Budaya | P1: PJOK | Q1: Bahasa Sunda | R1: SIMULASI DIGITAL | S1: FISIKA | T1: KIMIA | U1: Dasar Program | V1: Kompetensi Keahlian | W1: rata rata | X1: PKK | Y1: NAMA ORANG TUA | Z1: NISN | AA1: NOMER IJAZAH
C2: ='DATA US'!D158 -> 0 | Y2: ='DATA US'!I158 -> 0 | Z2: ='DATA US'!C158 -> 0
A3: 1 | C3: ='DATA US'!D129 -> ABI MAULANA CHANDRA | D3: ='DATA US'!B129 -> 222310110 | E3: ='DATA US'!F129 -> Bekasi | F3: ='DATA US'!G129 -> 20 November 2006 | G3: Teknik Elektronika Industri | H3: ='DATA US'!E129 -> L | I3: 86.51 | J3: 88.54 | K3: 90.76 | L3: 93.495 | M3: 88 | N3: 88.68 | O3: 85 | P3: 83.1 | Q3: 86 | R3: 84 | S3: 87.5 | T3: 87 | U3: 89.666667 | V3: 90.058667 | W3: 88.262143 | X3: 85.626667 | Y3: ='DATA US'!I129 -> CHANDRA | Z3: ='DATA US'!C129 -> 0064926120 | AA3: 141202510111878
A4: 2 | C4: ='DATA US'!D130 -> ADITYA AL MUJAKI | D4: ='DATA US'!B130 -> 222310111 | E4: ='DATA US'!F130 -> Bekasi | F4: ='DATA US'!G130 -> 11 November 2006 | G4: Teknik Elektronika Industri | H4: ='DATA US'!E130 -> L | I4: 84.94 | J4: 84.05 | K4: 87.88 | L4: 85.51 | M4: 84 | N4: 84.84 | O4: 81.5 | P4: 83.1 | Q4: 83.5 | R4: 79 | S4: 83 | T4: 83 | U4: 80.666667 | V4: 83.603333 | W4: 83.207302 | X4: 83.016667 | Y4: ='DATA US'!I130 -> SAMAN HERMAWAN | Z4: ='DATA US'!C130 -> 0061201721 | AA4: 141202510111901
A5: 3 | C5: ='DATA US'!D97 -> AMANDA DWI LESTARI | D5: ='DATA US'!B97 -> 222310080 | E5: ='DATA US'!F97 -> Bekasi | F5: ='DATA US'!G97 -> 19 Oktober 2007 | G5: Teknik Elektronika Industri | H5: ='DATA US'!E97 -> P | I5: 84.27 | J5: 84.64 | K5: 87.05 | L5: 90.455 | M5: 85 | N5: 86.13 | O5: 82 | P5: 81.9 | Q5: 82.5 | R5: 79.5 | S5: 84 | T5: 84 | U5: 85 | V5: 86.093333 | W5: 84.815119 | X5: 84.205833 | Y5: ='DATA US'!I97 -> INDA HERMAWAN | Z5: ='DATA US'!C97 -> 3070905598 | AA5: 141202510111953
A6: 4 | C6: ='DATA US'!D131 -> AMELIA | D6: ='DATA US'!B131 -> 222310113 | E6: ='DATA US'!F131 -> Bekasi | F6: ='DATA US'!G131 -> 1 Juli 2007 | G6: Teknik Elektronika Industri | H6: ='DATA US'!E131 -> P | I6: 83.5 | J6: 85.5 | K6: 86 | L6: 85.16 | M6: 84.5 | N6: 86.71 | O6: 80.5 | P6: 83.1 | Q6: 83 | R6: 79.5 | S6: 82 | T6: 81 | U6: 83 | V6: 82.834 | W6: 83.228492 | X6: 84.158333 | Y6: ='DATA US'!I131 -> NIAN | Z6: ='DATA US'!C131 -> 0073563861 | AA6: 141202510111962
A7: 5 | C7: ='DATA US'!D98 -> ANA AZIZAH | D7: ='DATA US'!B98 -> 222310081 | E7: ='DATA US'!F98 -> Bekasi | F7: ='DATA US'!G98 -> 12 Desember 2007 | G7: Teknik Elektronika Industri | H7: ='DATA US'!E98 -> P | I7: 84.3 | J7: 83.52 | K7: 87.12 | L7: 89.725 | M7: 86 | N7: 87.68 | O7: 82.5 | P7: 82.4 | Q7: 82.5 | R7: 78.5 | S7: 84 | T7: 83 | U7: 83 | V7: 86.349333 | W7: 84.62504 | X7: 85.134167 | Y7: ='DATA US'!I98 -> SAANIN | Z7: ='DATA US'!C98 -> 0074408442 | AA7: 141202510111982
A8: 6 | C8: ='DATA US'!D132 -> AQILA QEISHA RAHMADANI | D8: ='DATA US'!B132 -> 222310114 | E8: ='DATA US'!F132 -> Bekasi | F8: ='DATA US'!G132 -> 29 September 2007 | G8: Teknik Elektronika Industri | H8: ='DATA US'!E132 -> P | I8: 84.48 | J8: 85.4 | K8: 87.1 | L8: 85.39 | M8: 85 | N8: 82.5 | O8: 81.5 | P8: 83.1 | Q8: 85 | R8: 79 | S8: 81.5 | T8: 81 | U8: 83.833333 | V8: 83.090667 | W8: 83.351984 | X8: 82.468333 | Y8: ='DATA US'!I132 -> AHMAD BAEHAQI | Z8: ='DATA US'!C132 -> 0072459941 | AA8: 141202510112018
A9: 7 | C9: ='DATA US'!D133 -> AYU PUTRI NEGARI | D9: ='DATA US'!B133 -> 222310115 | E9: ='DATA US'!F133 -> Bekasi | F9: ='DATA US'!G133 -> 18 September 2008 | G9: Teknik Elektronika Industri | H9: ='DATA US'!E133 -> P | I9: 84.04 | J9: 85.9 | K9: 86.4 | L9: 82.595 | M9: 84.5 | N9: 88.42 | O9: 81 | P9: 83.1 | Q9: 84 | R9: 79.5 | S9: 81.5 | T9: 81 | U9: 83.833333 | V9: 83.128667 | W9: 83.420635 | X9: 82.735 | Y9: ='DATA US'!I133 -> MARZUKIH | Z9: ='DATA US'!C133 -> 0064002542 | AA9: 141202510112061
A10: 8 | C10: ='DATA US'!D99 -> BANU BUKHORI | D10: ='DATA US'!B99 -> 222310082 | E10: ='DATA US'!F99 -> Bekasi | F10: ='DATA US'!G99 -> 5 Februari 2007 | G10: Teknik Elektronika Industri | H10: ='DATA US'!E99 -> P | I10: 86.38 | J10: 86.3 | K10: 90.1 | L10: 89.585 | M10: 88 | N10: 91.82 | O10: 83.5 | P10: 88.6 | Q10: 85 | R10: 83.5 | S10: 83.5 | T10: 83.5 | U10: 83.666667 | V10: 86.656 | W10: 86.198254 | X10: 86.098333 | Y10: ='DATA US'!I99 -> MARYONO | Z10: ='DATA US'!C99 -> 0079089656 | AA10: 141202510112087
A11: 9 | C11: ='DATA US'!D134 -> DAFA ADITYA PUTRA | D11: ='DATA US'!B134 -> 222310116 | E11: ='DATA US'!F134 -> Bekasi | F11: ='DATA US'!G134 -> 31 Oktober 2007 | G11: Teknik Elektronika Industri | H11: ='DATA US'!E134 -> L | I11: 85.51 | J11: 85.64 | K11: 89.82 | L11: 91.67 | M11: 87.5 | N11: 88.08 | O11: 82.5 | P11: 83.1 | Q11: 84.5 | R11: 80.5 | S11: 82.5 | T11: 83 | U11: 88 | V11: 87.505333 | W11: 86.215159 | X11: 84.671667 | Y11: ='DATA US'!I134 -> NAMUN | Z11: ='DATA US'!C134 -> 0073240741 | AA11: 141202510112107
A12: 10 | C12: ='DATA US'!D100 -> DAMA AJI | D12: ='DATA US'!B100 -> 222310083 | E12: ='DATA US'!F100 -> Jakarta | F12: ='DATA US'!G100 -> 39024 | G12: Teknik Elektronika Industri | H12: ='DATA US'!E100 -> L | I12: 84.91 | J12: 84.38 | K12: 85.98 | L12: 89.625 | M12: 84.5 | N12: 77.38 | O12: 85 | P12: 83.8 | Q12: 84 | R12: 80 | S12: 82.5 | T12: 82 | U12: 82.5 | V12: 85.234667 | W12: 83.917421 | X12: 84.5175 | Y12: ='DATA US'!I100 -> SURAHMAN | Z12: ='DATA US'!C100 -> 0065044881 | AA12: 141202510112115
A13: 11 | C13: ='DATA US'!D101 -> DAVINA KEISYAH PUTRI | D13: ='DATA US'!B101 -> 222310084 | E13: ='DATA US'!F101 -> Bekasi | F13: ='DATA US'!G101 -> 27 Maret 2007 | G13: Teknik Elektronika Industri | H13: ='DATA US'!E101 -> P | I13: 86.11 | J13: 85.88 | K13: 87.68 | L13: 91.255 | M13: 86 | N13: 87.08 | O13: 82 | P13: 82.2 | Q13: 86 | R13: 80.5 | S13: 84.5 | T13: 84.5 | U13: 84.333333 | V13: 85.846667 | W13: 85.256071 | X13: 84.439167 | Y13: ='DATA US'!I101 -> DEDY MULYADI | Z13: ='DATA US'!C101 -> 0074594754 | AA13: 141202510112129
A14: 12 | C14: ='DATA US'!D102 -> DINA SUBARKAH | D14: ='DATA US'!B102 -> 222310085 | E14: ='DATA US'!F102 -> Bekasi | F14: ='DATA US'!G102 -> 4 Maret 2007 | G14: Teknik Elektronika Industri | H14: ='DATA US'!E102 -> P | I14: 84.67 | J14: 84.38 | K14: 88.78 | L14: 90.235 | M14: 87.5 | N14: 88.62 | O14: 83 | P14: 85.7 | Q14: 85.5 | R14: 80.5 | S14: 83.5 | T14: 83.5 | U14: 84.833333 | V14: 86.237333 | W14: 85.519127 | X14: 84.33 | Y14: ='DATA US'!I102 -> EDI SUBARKAH | Z14: ='DATA US'!C102 -> 0071365415 | AA14: 141202510112171
A15: 13 | C15: ='DATA US'!D128 -> DWI ARIFANI ADZANA | D15: ='DATA US'!B128 -> 242512087 | E15: ='DATA US'!F128 -> Bekasi | F15: ='DATA US'!G128 -> 19 Mei 2006 | G15: Teknik Elektronika Industri | H15: ='DATA US'!E128 -> L | I15: 82.7 | J15: 82.32 | K15: 85.55 | L15: 90.51 | M15: 85 | N15: 84.5 | O15: 80.5 | P15: 86.5 | Q15: 81 | R15: 78 | S15: 82 | T15: 83 | U15: 78.666667 | V15: 83.822 | W15: 82.883532 | X15: 83.864167 | Y15: ='DATA US'!I128 -> ARMAN | Z15: ='DATA US'!C128 -> 0066035802 | AA15: 141202510112207
A16: 14 | C16: ='DATA US'!D135 -> ECY LAURA CITRA | D16: ='DATA US'!B135 -> 222310117 | E16: ='DATA US'!F135 -> Subang | F16: ='DATA US'!G135 -> 4 Juli 2007 | G16: Teknik Elektronika Industri | H16: ='DATA US'!E135 -> P | I16: 83.38 | J16: 85.14 | K16: 86.59 | L16: 82.88 | M16: 83.5 | N16: 83.98 | O16: 81 | P16: 83.1 | Q16: 83 | R16: 79.5 | S16: 83.5 | T16: 84 | U16: 83.833333 | V16: 83.843333 | W16: 83.469286 | X16: 82.568333 | Y16: ='DATA US'!I135 -> BUSTAMI CHANIAGO | Z16: ='DATA US'!C135 -> 0074172506 | AA16: 141202510112226
A17: 15 | C17: ='DATA US'!D103 -> ERWIN MAULANA | D17: ='DATA US'!B103 -> 222310086 | E17: ='DATA US'!F103 -> Bekasi | F17: ='DATA US'!G103 -> 12 Mei 2006 | G17: Teknik Elektronika Industri | H17: ='DATA US'!E103 -> L | I17: 84.49 | J17: 84.36 | K17: 88.42 | L17: 92.455 | M17: 84.5 | N17: 88.65 | O17: 82.5 | P17: 88.5 | Q17: 84 | R17: 80.5 | S17: 83.5 | T17: 84 | U17: 84.833333 | V17: 84.706 | W17: 85.20254 | X17: 85.348333 | Y17: ='DATA US'!I103 -> MAMAN FIRMANSYAH | Z17: ='DATA US'!C103 -> 0061047101 | AA17: 141202510112245
A18: 16 | C18: ='DATA US'!D136 -> FEBRY LIDIYANA MULYA PUTRI SURYANA | D18: ='DATA US'!B136 -> 222310118 | E18: ='DATA US'!F136 -> Jakarta | F18: ='DATA US'!G136 -> 6 Februari 2007 | G18: Teknik Elektronika Industri | H18: ='DATA US'!E136 -> P | I18: 82.82 | J18: 85.68 | K18: 85.5 | L18: 82.2 | M18: 83.5 | N18: 83.58 | O18: 80.5 | P18: 83.1 | Q18: 85.5 | R18: 78.5 | S18: 84 | T18: 84 | U18: 82.5 | V18: 82.937333 | W18: 83.034524 | X18: 82.658333 | Y18: ='DATA US'!I136 -> UJANG YANA SURYANA | Z18: ='DATA US'!C136 -> 0078208166 | AA18: 141202510112303
A19: 17 | C19: ='DATA US'!D137 -> FINITA MEYDINAYATI | D19: ='DATA US'!B137 -> 222310119 | E19: ='DATA US'!F137 -> Bekasi | F19: ='DATA US'!G137 -> 13 Mei 2007 | G19: Teknik Elektronika Industri | H19: ='DATA US'!E137 -> P | I19: 85.61 | J19: 84.85 | K19: 87.46 | L19: 83.21 | M19: 85 | N19: 88.86 | O19: 81.5 | P19: 83.1 | Q19: 84.5 | R19: 80 | S19: 84 | T19: 84 | U19: 83.5 | V19: 85.89 | W19: 84.622937 | X19: 85.041667 | Y19: ='DATA US'!I137 -> DIDIN | Z19: ='DATA US'!C137 -> 0076209344 | AA19: 141202510112332
A20: 18 | C20: ='DATA US'!D104 -> GITA AMELIA | D20: ='DATA US'!B104 -> 222310087 | E20: ='DATA US'!F104 -> Bekasi | F20: ='DATA US'!G104 -> 11 Mei 2006 | G20: Teknik Elektronika Industri | H20: ='DATA US'!E104 -> P | I20: 84.14 | J20: 83.54 | K20: 87.58 | L20: 90.19 | M20: 86.5 | N20: 84.76 | O20: 84 | P20: 83.1 | Q20: 83.5 | R20: 81 | S20: 82.5 | T20: 83.5 | U20: 83.666667 | V20: 85.622667 | W20: 84.641548 | X20: 84.049167 | Y20: ='DATA US'!I104 -> SALIM | Z20: ='DATA US'!C104 -> 0061823698 | AA20: 141202510112342
A21: 19 | C21: ='DATA US'!D138 -> HERMAWAN | D21: ='DATA US'!B138 -> 222310120 | E21: ='DATA US'!F138 -> Jakarta | F21: ='DATA US'!G138 -> 12 Agustus 2007 | G21: Teknik Elektronika Industri | H21: ='DATA US'!E138 -> L | I21: 84.26 | J21: 82.44 | K21: 88.97 | L21: 82.06 | M21: 86 | N21: 90.07 | O21: 82.5 | P21: 83.1 | Q21: 83.5 | R21: 82 | S21: 83.5 | T21: 84 | U21: 85.166667 | V21: 84.375333 | W21: 84.42873 | X21: 83.226667 | Y21: ='DATA US'!I138 -> HERMANTO | Z21: ='DATA US'!C138 -> 0073458110 | AA21: 141202510112361
A22: 20 | C22: ='DATA US'!D139 -> HIJIYAH BULAN DARI | D22: ='DATA US'!B139 -> 222310121 | E22: ='DATA US'!F139 -> Bekasi | F22: ='DATA US'!G139 -> 1 Januari 2007 | G22: Teknik Elektronika Industri | H22: ='DATA US'!E139 -> P | I22: 85.26 | J22: 84.51 | K22: 86.96 | L22: 81.995 | M22: 84.5 | N22: 91.5 | O22: 81.5 | P22: 83.1 | Q22: 83 | R22: 81 | S22: 83 | T22: 84 | U22: 86.666667 | V22: 86.402667 | W22: 85.058254 | X22: 83.885 | Y22: ='DATA US'!I139 -> HENDRA PERMANA | Z22: ='DATA US'!C139 -> 0075502511 | AA22: 141202510112377
A23: 21 | C23: ='DATA US'!D105 -> IMAS RAHAYU | D23: ='DATA US'!B105 -> 222310088 | E23: ='DATA US'!F105 -> Bekasi | F23: ='DATA US'!G105 -> 28 Desember 2006 | G23: Teknik Elektronika Industri | H23: ='DATA US'!E105 -> P | I23: 85.7 | J23: 84.6 | K23: 89.72 | L23: 91.015 | M23: 85 | N23: 86.96 | O23: 83 | P23: 85.6 | Q23: 85 | R23: 80.5 | S23: 84.5 | T23: 84.5 | U23: 86.5 | V23: 86.208 | W23: 85.770238 | X23: 84.54 | Y23: ='DATA US'!I105 -> MISKA | Z23: ='DATA US'!C105 -> 3066812278 | AA23: 141202510112397
A24: 22 | C24: ='DATA US'!D140 -> IRFA MUBAROK | D24: ='DATA US'!B140 -> 222310122 | E24: ='DATA US'!F140 -> Bekasi | F24: ='DATA US'!G140 -> 31 Mei 2006 | G24: Teknik Elektronika Industri | H24: ='DATA US'!E140 -> L | I24: 84.29 | J24: 84.66 | K24: 88.46 | L24: 89.305 | M24: 85 | N24: 82.72 | O24: 82.5 | P24: 83.1 | Q24: 84.5 | R24: 81.5 | S24: 84 | T24: 83 | U24: 86.333333 | V24: 84.123333 | W24: 84.697698 | X24: 86 | Y24: ='DATA US'!I140 -> MASKON BIN ZAZULI | Z24: ='DATA US'!C140 -> 0064458927 | AA24: 141202510112427
A25: 23 | C25: ='DATA US'!D141 -> IRMA ELITANA | D25: ='DATA US'!B141 -> 222310123 | E25: ='DATA US'!F141 -> Bekasi | F25: ='DATA US'!G141 -> 6 Juni 2005 | G25: Teknik Elektronika Industri | H25: ='DATA US'!E141 -> P | I25: 84.38 | J25: 86.52 | K25: 86.94 | L25: 85.985 | M25: 86.5 | N25: 86.09 | O25: 81 | P25: 83.1 | Q25: 85 | R25: 81.5 | S25: 85.5 | T25: 85 | U25: 87 | V25: 85.487333 | W25: 85.28381 | X25: 85.008333 | Y25: ='DATA US'!I141 -> DAHLAN BIN ENDING | Z25: ='DATA US'!C141 -> 0065646956 | AA25: 141202510112433
A26: 24 | C26: ='DATA US'!D106 -> KAILA ZAHRA | D26: ='DATA US'!B106 -> 222310089 | E26: ='DATA US'!F106 -> Bekasi | F26: ='DATA US'!G106 -> 13 Januari 2007 | G26: Teknik Elektronika Industri | H26: ='DATA US'!E106 -> P | I26: 84.41 | J26: 84 | K26: 88.23 | L26: 89.81 | M26: 85 | N26: 83.8 | O26: 86.5 | P26: 88 | Q26: 84.5 | R26: 84 | S26: 84.5 | T26: 84 | U26: 84.666667 | V26: 87.525333 | W26: 85.853968 | X26: 84.556667 | Y26: ='DATA US'!I106 -> RAHMAT TULOH HIDAYAT | Z26: ='DATA US'!C106 -> 0073712406 | AA26: 141202510112477
A27: 25 | C27: ='DATA US'!D107 -> KHEYSA VIDA ANGGRAINI | D27: ='DATA US'!B107 -> 222310090 | E27: ='DATA US'!F107 -> Sukoharjo | F27: ='DATA US'!G107 -> 8 Maret 2007 | G27: Teknik Elektronika Industri | H27: ='DATA US'!E107 -> P | I27: 83.93 | J27: 83.12 | K27: 86.2 | L27: 90.495 | M27: 81.5 | N27: 85.81 | O27: 83 | P27: 85.8 | Q27: 82.5 | R27: 81 | S27: 83.5 | T27: 83 | U27: 81.833333 | V27: 85.060667 | W27: 84.028452 | X27: 83.939167 | Y27: ='DATA US'!I107 -> FAJAR AMIR FAHMI | Z27: ='DATA US'!C107 -> 0073407455 | AA27: 141202510112491
A28: 26 | C28: ='DATA US'!D108 -> LEO STEPEN | D28: ='DATA US'!B108 -> 222310091 | E28: ='DATA US'!F108 -> Bekasi | F28: ='DATA US'!G108 -> 26 Desember 2005 | G28: Teknik Elektronika Industri | H28: ='DATA US'!E108 -> L | I28: 85.93 | J28: 85.6 | K28: 85.82 | L28: 80.81 | M28: 86.5 | N28: 84.76 | O28: 83.5 | P28: 86.7 | Q28: 85.5 | R28: 79.5 | S28: 84 | T28: 84 | U28: 82.666667 | V28: 56.064 | W28: 77.473333 | X28: 86 | Y28: ='DATA US'!I108 -> NURMIN | Z28: ='DATA US'!C108 -> 0058876158 | AA28: 141202510112506
A29: 27 | C29: ='DATA US'!D142 -> LUFI RAMADHANI | D29: ='DATA US'!B142 -> 222310124 | E29: ='DATA US'!F142 -> Bekasi | F29: ='DATA US'!G142 -> 18 Oktober 2006 | G29: Teknik Elektronika Industri | H29: ='DATA US'!E142 -> L | I29: 86.12 | J29: 87.1 | K29: 88.63 | L29: 86.375 | M29: 87 | N29: 87.93 | O29: 84 | P29: 83.1 | Q29: 87 | R29: 83 | S29: 84 | T29: 83 | U29: 89 | V29: 87.374 | W29: 86.448095 | X29: 84.285 | Y29: ='DATA US'!I142 -> ABDUL KARIM | Z29: ='DATA US'!C142 -> 0061468832 | AA29: 141202510112514
A30: 28 | C30: ='DATA US'!D109 -> M. FACHRI RIZKI MAULANA | D30: ='DATA US'!B109 -> 222310092 | E30: ='DATA US'!F109 -> Bekasi | F30: ='DATA US'!G109 -> 27 Agustus 2007 | G30: Teknik Elektronika Industri | H30: ='DATA US'!E109 -> L | I30: 89.12 | J30: 88.6 | K30: 91.74 | L30: 91.855 | M30: 88 | N30: 92.92 | O30: 84 | P30: 88.8 | Q30: 88.5 | R30: 84 | S30: 84.5 | T30: 84 | U30: 85.333333 | V30: 86.847333 | W30: 87.250476 | X30: 85.988333 | Y30: ='DATA US'!I109 -> MAKMUN | Z30: ='DATA US'!C109 -> 0079452159 | AA30: 141202510112556
A31: 29 | C31: ='DATA US'!D143 -> M. REUBEN ARFAQI AGUSTIAN | D31: ='DATA US'!B143 -> 222310129 | E31: ='DATA US'!F143 -> Bekasi | F31: ='DATA US'!G143 -> 1 Agustus 2007 | G31: Teknik Elektronika Industri | H31: ='DATA US'!E143 -> L | I31: 84.43 | J31: 83.99 | K31: 89.1 | L31: 89.185 | M31: 85 | N31: 87.61 | O31: 83 | P31: 84.3 | Q31: 84.5 | R31: 80.5 | S31: 84 | T31: 84 | U31: 85.833333 | V31: 85.587333 | W31: 85.143651 | X31: 82.965 | Y31: ='DATA US'!I143 -> SUHANA | Z31: ='DATA US'!C143 -> 0077314727 | AA31: 141202510112561
A32: 30 | C32: ='DATA US'!D145 -> MARYATI | D32: ='DATA US'!B145 -> 222310125 | E32: ='DATA US'!F145 -> Bekasi | F32: ='DATA US'!G145 -> 23 Desember 2006 | G32: Teknik Elektronika Industri | H32: ='DATA US'!E145 -> P | I32: 83.24 | J32: 82.44 | K32: 87.87 | L32: 82.135 | M32: 84.5 | N32: 85.08 | O32: 80.5 | P32: 84 | Q32: 83 | R32: 80.5 | S32: 83 | T32: 84 | U32: 83.5 | V32: 85.296667 | W32: 83.86 | X32: 83.9 | Y32: ='DATA US'!I145 -> CATIM | Z32: ='DATA US'!C145 -> 0067588196 | AA32: 141202510112625
A33: 31 | C33: ='DATA US'!D146 -> MEISYA DITA KHOIRUNISA | D33: ='DATA US'!B146 -> 222310126 | E33: ='DATA US'!F146 -> Bekasi | F33: ='DATA US'!G146 -> 1 Mei 2006 | G33: Teknik Elektronika Industri | H33: ='DATA US'!E146 -> P | I33: 84.54 | J33: 85.78 | K33: 86.62 | L33: 82.38 | M33: 84.5 | N33: 84.56 | O33: 82 | P33: 83.9 | Q33: 82.5 | R33: 80.5 | S33: 84 | T33: 84 | U33: 86.5 | V33: 83.948667 | W33: 84.208413 | X33: 83.853333 | Y33: ='DATA US'!I146 -> BO'AN | Z33: ='DATA US'!C146 -> 0062811006 | AA33: 141202510112637
A34: 32 | C34: ='DATA US'!D147 -> MELA MELATI | D34: ='DATA US'!B147 -> 222310127 | E34: ='DATA US'!F147 -> Bekasi | F34: ='DATA US'!G147 -> 2 Juli 2007 | G34: Teknik Elektronika Industri | H34: ='DATA US'!E147 -> P | I34: 83.78 | J34: 84.9 | K34: 88.66 | L34: 84.395 | M34: 85 | N34: 84.81 | O34: 81 | P34: 84.4 | Q34: 84 | R34: 79.5 | S34: 84 | T34: 84 | U34: 87.333333 | V34: 83.732667 | W34: 84.439841 | X34: 84.128333 | Y34: ='DATA US'!I147 -> NABRIH | Z34: ='DATA US'!C147 -> 0079477598 | AA34: 141202510112644
A35: 33 | C35: ='DATA US'!D110 -> MELI ANJANI | D35: ='DATA US'!B110 -> 222310093 | E35: ='DATA US'!F110 -> Bekasi | F35: ='DATA US'!G110 -> 3 Juni 2007 | G35: Teknik Elektronika Industri | H35: ='DATA US'!E110 -> P | I35: 84.3 | J35: 83.56 | K35: 88.54 | L35: 89.685 | M35: 85 | N35: 82.12 | O35: 84 | P35: 88.1 | Q35: 83 | R35: 82.5 | S35: 83 | T35: 82 | U35: 83.666667 | V35: 86.54 | W35: 84.953095 | X35: 84.51 | Y35: ='DATA US'!I110 -> OMA | Z35: ='DATA US'!C110 -> 0071002555 | AA35: 141202510112658
A36: 34 | C36: ='DATA US'!D111 -> MILDA APRILIANNI | D36: ='DATA US'!B111 -> 222310094 | E36: ='DATA US'!F111 -> Sukabumi | F36: ='DATA US'!G111 -> 18 April 2006 | G36: Teknik Elektronika Industri | H36: ='DATA US'!E111 -> P | I36: 85.44 | J36: 84.94 | K36: 89.57 | L36: 90.955 | M36: 86.5 | N36: 92.26 | O36: 84 | P36: 81.8 | Q36: 86 | R36: 82 | S36: 84.5 | T36: 83 | U36: 85.666667 | V36: 85.388 | W36: 85.647341 | X36: 83.689167 | Y36: ='DATA US'!I111 -> DADANG SUHENDI | Z36: ='DATA US'!C111 -> 0067648631 | AA36: 141202510112661
A37: 35 | C37: ='DATA US'!D112 -> MUHAMAD RISQI FAJRI | D37: ='DATA US'!B112 -> 222310095 | E37: ='DATA US'!F112 -> Bekasi | F37: ='DATA US'!G112 -> 39202 | G37: Teknik Elektronika Industri | H37: ='DATA US'!E112 -> L | I37: 88.44 | J37: 87.32 | K37: 88.89 | L37: 93.03 | M37: 87.5 | N37: 87.43 | O37: 84 | P37: 88 | Q37: 87 | R37: 83 | S37: 87.5 | T37: 87 | U37: 87.166667 | V37: 85.605333 | W37: 86.77127 | X37: 83.56 | Y37: ='DATA US'!I112 -> SUPARNO | Z37: ='DATA US'!C112 -> 0077749659 | AA37: 141202510112728
A38: 36 | C38: ='DATA US'!D148 -> MUHAMMAD ALBANI FAHREZI | D38: ='DATA US'!B148 -> 222310128 | E38: ='DATA US'!F148 -> Bekasi | F38: ='DATA US'!G148 -> 30 Januari 2007 | G38: Teknik Elektronika Industri | H38: ='DATA US'!E148 -> L | I38: 84.9875 | J38: 83.72 | K38: 88.08 | L38: 84.085 | M38: 83.5 | N38: 87.13 | O38: 80.5 | P38: 84 | Q38: 85 | R38: 81.5 | S38: 84 | T38: 83 | U38: 79.666667 | V38: 84.727333 | W38: 83.573452 | X38: 82.903333 | Y38: ='DATA US'!I148 -> MARSUDI | Z38: ='DATA US'!C148 -> 0076891945 | AA38: 141202510112742
A39: 37 | C39: ='DATA US'!D113 -> MUHAMMAD KHOLIFI ILHAM | D39: ='DATA US'!B113 -> 222310096 | E39: ='DATA US'!F113 -> Bekasi | F39: ='DATA US'!G113 -> 6 Maret 2007 | G39: Teknik Elektronika Industri | H39: ='DATA US'!E113 -> L | I39: 85.38 | J39: 85.36 | K39: 89.46 | L39: 90.535 | M39: 87 | N39: 85.9 | O39: 83 | P39: 87.3 | Q39: 87 | R39: 82.5 | S39: 85 | T39: 85.5 | U39: 85.5 | V39: 87.368 | W39: 85.19869 | X39: 61.8975 | Y39: ='DATA US'!I113 -> NIAN | Z39: ='DATA US'!C113 -> 0071561555 | AA39: 141202510112785
A40: 38 | C40: ='DATA US'!D144 -> MUHAMMAD TAUPIQ NUR SALEH | D40: ='DATA US'!B144 -> 222310130 | E40: ='DATA US'!F144 -> Bekasi | F40: ='DATA US'!G144 -> 23 Oktober 2007 | G40: Teknik Elektronika Industri | H40: ='DATA US'!E144 -> L | I40: 84.1 | J40: 86.04 | K40: 85.17 | L40: 85.04 | M40: 84.5 | N40: 87.67 | O40: 81 | P40: 83.8 | Q40: 85 | R40: 81 | S40: 84 | T40: 84 | U40: 87 | V40: 82.984667 | W40: 84.288968 | X40: 82.825 | Y40: ='DATA US'!I144 -> NURDIAN | Z40: ='DATA US'!C144 -> 0078743168 | AA40: 141202510112833
A41: 39 | C41: ='DATA US'!D149 -> NABILAH | D41: ='DATA US'!B149 -> 222310131 | E41: ='DATA US'!F149 -> Bekasi | F41: ='DATA US'!G149 -> 18 September 2007 | G41: Teknik Elektronika Industri | H41: ='DATA US'!E149 -> P | I41: 83.54 | J41: 84.25 | K41: 85.95 | L41: 86.785 | M41: 84.5 | N41: 86.17 | O41: 80.5 | P41: 88.6 | Q41: 84.5 | R41: 80 | S41: 83 | T41: 83 | U41: 82.666667 | V41: 84.175333 | W41: 83.939683 | X41: 83.061667 | Y41: ='DATA US'!I149 -> ANDAN | Z41: ='DATA US'!C149 -> 0075569471 | AA41: 141202510112858
A42: 40 | C42: ='DATA US'!D150 -> NAYSILLA PUTRI SHAFERA | D42: ='DATA US'!B150 -> 222310132 | E42: ='DATA US'!F150 -> Bekasi | F42: ='DATA US'!G150 -> 13 Juni 2007 | G42: Teknik Elektronika Industri | H42: ='DATA US'!E150 -> P | I42: 83.05 | J42: 85.34 | K42: 85.91 | L42: 84.245 | M42: 84 | N42: 82.17 | O42: 82.5 | P42: 86.7 | Q42: 84 | R42: 79 | S42: 83.5 | T42: 84 | U42: 83.166667 | V42: 85.01 | W42: 83.933175 | X42: 83.631667 | Y42: ='DATA US'!I150 -> NAMUR | Z42: ='DATA US'!C150 -> 0078588369 | AA42: 141202510112875
A43: 41 | C43: ='DATA US'!D151 -> NAZWAN ALFIANSYAHFA | D43: ='DATA US'!B151 -> 222310133 | E43: ='DATA US'!F151 -> Bekasi | F43: ='DATA US'!G151 -> 19 April 2007 | G43: Teknik Elektronika Industri | H43: ='DATA US'!E151 -> L | I43: 84.25 | J43: 83.47 | K43: 86.02 | L43: 82.26 | M43: 82 | N43: 87.88 | O43: 82.5 | P43: 86.7 | Q43: 85 | R43: 78.5 | S43: 81.5 | T43: 83 | U43: 81.833333 | V43: 82.398 | W43: 83.022222 | X43: 82.896667 | Y43: ='DATA US'!I151 -> RO'I MAULANA | Z43: ='DATA US'!C151 -> 0072030963 | AA43: 141202510112884
A44: 42 | C44: ='DATA US'!D114 -> NITA NATALIA | D44: ='DATA US'!B114 -> 222310097 | E44: ='DATA US'!F114 -> Bekasi | F44: ='DATA US'!G114 -> 16 Agustus 2008 | G44: Teknik Elektronika Industri | H44: ='DATA US'!E114 -> P | I44: 84.87 | J44: 84.02 | K44: 89.66 | L44: 89.91 | M44: 85.5 | N44: 88.64 | O44: 83 | P44: 87.2 | Q44: 83.5 | R44: 80.5 | S44: 83.5 | T44: 84 | U44: 85.333333 | V44: 87.212 | W44: 85.7975 | X44: 85.3875 | Y44: ='DATA US'!I114 -> YATI OKTAVIANI | Z44: ='DATA US'!C114 -> 0087401174 | AA44: 141202510112893
A45: 43 | C45: ='DATA US'!D115 -> OKTAVIONA SAFITRI | D45: ='DATA US'!B115 -> 222310143 | E45: ='DATA US'!F115 -> Bekasi | F45: ='DATA US'!G115 -> 12 Oktober 2007 | G45: Teknik Elektronika Industri | H45: ='DATA US'!E115 -> P | I45: 83.2 | J45: 82.5 | K45: 87.03 | L45: 82.805 | M45: 85.5 | N45: 83.23 | O45: 82 | P45: 83.5 | Q45: 82.5 | R45: 78.5 | S45: 83.5 | T45: 84 | U45: 79.833333 | V45: 84.625333 | W45: 83.087817 | X45: 83.9525 | Y45: ='DATA US'!I115 -> NAMUN NURYANA | Z45: ='DATA US'!C115 -> 0072009593 | AA45: 141202510112907
A46: 44 | C46: ='DATA US'!D116 -> RAHAYU OKTAFIANI | D46: ='DATA US'!B116 -> 222310098 | E46: ='DATA US'!F116 -> Bekasi | F46: ='DATA US'!G116 -> 4 Oktober 2007 | G46: Teknik Elektronika Industri | H46: ='DATA US'!E116 -> P | I46: 84.9875 | J46: 85.06 | K46: 88.08 | L46: 90.22 | M46: 85.5 | N46: 91.54 | O46: 82.5 | P46: 87.2 | Q46: 85 | R46: 79 | S46: 84 | T46: 84 | U46: 83.333333 | V46: 86.076 | W46: 85.323016 | X46: 84.315833 | Y46: ='DATA US'!I116 -> ADON | Z46: ='DATA US'!C116 -> 0071571646 | AA46: 141202510112933
A47: 45 | C47: ='DATA US'!D117 -> RAHMAWATI DEWI | D47: ='DATA US'!B117 -> 222310099 | E47: ='DATA US'!F117 -> Bekasi | F47: ='DATA US'!G117 -> 4 Juli 2007 | G47: Teknik Elektronika Industri | H47: ='DATA US'!E117 -> P | I47: 85.39 | J47: 86.16 | K47: 90.09 | L47: 90.51 | M47: 88 | N47: 90.34 | O47: 84.5 | P47: 87.4 | Q47: 85 | R47: 85 | S47: 85 | T47: 85 | U47: 85.833333 | V47: 88.237333 | W47: 86.98496 | X47: 85.6075 | Y47: ='DATA US'!I117 -> ROHMAT | Z47: ='DATA US'!C117 -> 0071682395 | AA47: 141202510112945
A48: 46 | C48: ='DATA US'!D152 -> RANGGA SURYANA | D48: ='DATA US'!B152 -> 222310134 | E48: ='DATA US'!F152 -> Bekasi | F48: ='DATA US'!G152 -> 9 Januari 2007 | G48: Teknik Elektronika Industri | H48: ='DATA US'!E152 -> L | I48: 85.68 | J48: 88.26 | K48: 88.91 | L48: 86.955 | M48: 87 | N48: 87.3 | O48: 83 | P48: 84.1 | Q48: 87 | R48: 83 | S48: 86 | T48: 86 | U48: 89.5 | V48: 86.923333 | W48: 86.731825 | X48: 85.046667 | Y48: ='DATA US'!I152 -> AANG SURYANA | Z48: ='DATA US'!C152 -> 0077060831 | AA48: 141202510112955
A49: 47 | C49: ='DATA US'!D153 -> RIKO JULIANTO | D49: ='DATA US'!B153 -> 222310135 | E49: ='DATA US'!F153 -> Bekasi | F49: ='DATA US'!G153 -> 25 Juli 2006 | G49: Teknik Elektronika Industri | H49: ='DATA US'!E153 -> L | I49: 82.98 | J49: 83.95 | K49: 86.66 | L49: 82.51 | M49: 83.5 | N49: 83.57 | O49: 81 | P49: 87.3 | Q49: 82.5 | R49: 79.5 | S49: 84 | T49: 84 | U49: 86.166667 | V49: 82.322667 | W49: 83.541746 | X49: 82.793333 | Y49: ='DATA US'!I153 -> ADE HENDRI | Z49: ='DATA US'!C153 -> 0066712083 | AA49: 141202510112997
A50: 48 | C50: ='DATA US'!D118 -> RISA MELINDA | D50: ='DATA US'!B118 -> 222310100 | E50: ='DATA US'!F118 -> Bekasi | F50: ='DATA US'!G118 -> 24 Mei 2007 | G50: Teknik Elektronika Industri | H50: ='DATA US'!E118 -> P | I50: 84.84 | J50: 84.8 | K50: 87.48 | L50: 91.805 | M50: 86.5 | N50: 90.4 | O50: 82.5 | P50: 81.6 | Q50: 84.5 | R50: 83 | S50: 84.5 | T50: 84 | U50: 83.5 | V50: 88.125333 | W50: 85.808532 | X50: 84.9275 | Y50: ='DATA US'!I118 -> SAKUM | Z50: ='DATA US'!C118 -> 0077401437 | AA50: 141202510113003
A51: 49 | C51: ='DATA US'!D119 -> RISKA AULIA ANASTASYA | D51: ='DATA US'!B119 -> 222310101 | E51: ='DATA US'!F119 -> Bekasi | F51: ='DATA US'!G119 -> 14 November 2006 | G51: Teknik Elektronika Industri | H51: ='DATA US'!E119 -> P | I51: 82.45 | J51: 82.92 | K51: 85.19 | L51: 88.285 | M51: 84 | N51: 84.4 | O51: 80.5 | P51: 83.7 | Q51: 83 | R51: 79.5 | S51: 83 | T51: 82 | U51: 81.333333 | V51: 86.027333 | W51: 83.689802 | X51: 84.404167 | Y51: ='DATA US'!I119 -> AYAH | Z51: ='DATA US'!C119 -> 0064822724 | AA51: 141202510113012
A52: 50 | C52: ='DATA US'!D120 -> RISMA JULIYANTI | D52: ='DATA US'!B120 -> 222310102 | E52: ='DATA US'!F120 -> Bekasi | F52: ='DATA US'!G120 -> 24 Juli 2007 | G52: Teknik Elektronika Industri | H52: ='DATA US'!E120 -> P | I52: 84.16 | J52: 83.18 | K52: 86.46 | L52: 89.565 | M52: 83 | N52: 83.18 | O52: 85 | P52: 84.3 | Q52: 82.5 | R52: 79 | S52: 82 | T52: 82 | U52: 83.5 | V52: 83.467333 | W52: 83.589087 | X52: 83.189167 | Y52: ='DATA US'!I120 -> ENDI | Z52: ='DATA US'!C120 -> 0078593346 | AA52: 141202510113027
A53: 51 | C53: ='DATA US'!D154 -> SALSA BILA MAHMUD | D53: ='DATA US'!B154 -> 222310136 | E53: ='DATA US'!F154 -> Bekasi | F53: ='DATA US'!G154 -> 21 Maret 2007 | G53: Teknik Elektronika Industri | H53: ='DATA US'!E154 -> P | I53: 85.26 | J53: 83.9 | K53: 85.93 | L53: 87.04 | M53: 85 | N53: 84.94 | O53: 80.5 | P53: 85 | Q53: 82.5 | R53: 79 | S53: 83.5 | T53: 83 | U53: 81.833333 | V53: 85.258 | W53: 83.831825 | X53: 83.108333 | Y53: ='DATA US'!I154 -> AMIR MAHMUD | Z53: ='DATA US'!C154 -> 0076747595 | AA53: 141202510113076
A54: 52 | C54: ='DATA US'!D121 -> SIGIT ARDI NUGROHO | D54: ='DATA US'!B121 -> 222310103 | E54: ='DATA US'!F121 -> Bekasi | F54: ='DATA US'!G121 -> 39406 | G54: Teknik Elektronika Industri | H54: ='DATA US'!E121 -> L | I54: 82.99 | J54: 82.26 | K54: 87.29 | L54: 82.23 | M54: 83 | N54: 80.7 | O54: 84 | P54: 87.1 | Q54: 81.5 | R54: 79 | S54: 82.5 | T54: 83 | U54: 80.333333 | V54: 83.460667 | W54: 82.768452 | X54: 84.264167 | Y54: ='DATA US'!I121 -> PUAD | Z54: ='DATA US'!C121 -> 0078558399 | AA54: 141202510113118
A55: 53 | C55: ='DATA US'!D155 -> SILVIA NUROHMAH | D55: ='DATA US'!B155 -> 222310137 | E55: ='DATA US'!F155 -> Bekasi | F55: ='DATA US'!G155 -> 20 Agustus 2007 | G55: Teknik Elektronika Industri | H55: ='DATA US'!E155 -> P | I55: 86.48 | J55: 88.04 | K55: 89.91 | L55: 91.345 | M55: 87.5 | N55: 90.72 | O55: 83.5 | P55: 87 | Q55: 86 | R55: 83.5 | S55: 86.5 | T55: 86 | U55: 90 | V55: 87.426 | W55: 87.574603 | X55: 85.441667 | Y55: ='DATA US'!I155 -> MA'MUN | Z55: ='DATA US'!C155 -> 0078968270 | AA55: 141202510113122
A56: 54 | C56: ='DATA US'!D156 -> SINTIA LESTARI | D56: ='DATA US'!B156 -> 222310138 | E56: ='DATA US'!F156 -> Bekasi | F56: ='DATA US'!G156 -> 11 Mei 2007 | G56: Teknik Elektronika Industri | H56: ='DATA US'!E156 -> P | I56: 83.56 | J56: 84.26 | K56: 87.11 | L56: 82.68 | M56: 83.5 | N56: 85.55 | O56: 81.5 | P56: 82.2 | Q56: 83 | R56: 80.5 | S56: 83 | T56: 84 | U56: 83.833333 | V56: 85.898 | W56: 84.09754 | X56: 84.198333 | Y56: ='DATA US'!I156 -> SANO | Z56: ='DATA US'!C156 -> 0076329241 | AA56: 141202510113134
A57: 55 | C57: ='DATA US'!D122 -> SITI JUMALA SARI | D57: ='DATA US'!B122 -> 222310104 | E57: ='DATA US'!F122 -> Brebes | F57: ='DATA US'!G122 -> 27 Agustus 2007 | G57: Teknik Elektronika Industri | H57: ='DATA US'!E122 -> P | I57: 88.35 | J57: 87.84 | K57: 91.2 | L57: 91.975 | M57: 86.5 | N57: 93.07 | O57: 85.5 | P57: 84.6 | Q57: 86.5 | R57: 85.5 | S57: 87 | T57: 86 | U57: 86.5 | V57: 86.567333 | W57: 87.19504 | X57: 84.724167 | Y57: ='DATA US'!I122 -> RUSNALI | Z57: ='DATA US'!C122 -> 00724077907 | AA57: 141202510113147
A58: 56 | C58: ='DATA US'!D123 -> SITI NURPADILAH | D58: ='DATA US'!B123 -> 222310105 | E58: ='DATA US'!F123 -> Bekasi | F58: ='DATA US'!G123 -> 12 September 2007 | G58: Teknik Elektronika Industri | H58: ='DATA US'!E123 -> P | I58: 84.18 | J58: 84.04 | K58: 88.12 | L58: 80.74 | M58: 86.5 | N58: 83.85 | O58: 80.5 | P58: 83.4 | Q58: 84 | R58: 80 | S58: 83.5 | T58: 82 | U58: 81.833333 | V58: 86.552 | W58: 83.976825 | X58: 84.423333 | Y58: ='DATA US'!I123 -> ENDI KUSNADI | Z58: ='DATA US'!C123 -> 0073412174 | AA58: 141202510113159
A59: 57 | C59: ='DATA US'!D124 -> SRI MUTIARA | D59: ='DATA US'!B124 -> 222310106 | E59: ='DATA US'!F124 -> Bekasi | F59: ='DATA US'!G124 -> 6 Februari 2007 | G59: Teknik Elektronika Industri | H59: ='DATA US'!E124 -> P | I59: 84 | J59: 83.68 | K59: 87.46 | L59: 82.005 | M59: 85.5 | N59: 82.39 | O59: 80.5 | P59: 84.3 | Q59: 83.5 | R59: 80 | S59: 83 | T59: 82.5 | U59: 81.666667 | V59: 85.825333 | W59: 83.661508 | X59: 83.93 | Y59: ='DATA US'!I124 -> SAEPUL BAHRI | Z59: ='DATA US'!C124 -> 0079544913 | AA59: 141202510113173
A60: 58 | C60: ='DATA US'!D125 -> SYAHRUL GUNAWAN | D60: ='DATA US'!B125 -> 222310107 | E60: ='DATA US'!F125 -> Bekasi | F60: ='DATA US'!G125 -> 39333 | G60: Teknik Elektronika Industri | H60: ='DATA US'!E125 -> L | I60: 85.24 | J60: 85.04 | K60: 87.3 | L60: 88.11 | M60: 86 | N60: 89.52 | O60: 82.5 | P60: 87.8 | Q60: 85.5 | R60: 82 | S60: 83.5 | T60: 83 | U60: 85.166667 | V60: 86.752 | W60: 85.731508 | X60: 85.591667 | Y60: ='DATA US'!I125 -> KAMAN | Z60: ='DATA US'!C125 -> 0078011149 | AA60: 141202510113187
A61: 59 | C61: ='DATA US'!D157 -> VILLY NUR SADELA | D61: ='DATA US'!B157 -> 222310139 | E61: ='DATA US'!F157 -> Bekasi | F61: ='DATA US'!G157 -> 14 Mei 2007 | G61: Teknik Elektronika Industri | H61: ='DATA US'!E157 -> P | I61: 85.5 | J61: 85.14 | K61: 85.75 | L61: 84.7 | M61: 84.5 | N61: 83.11 | O61: 81.5 | P61: 86.4 | Q61: 84 | R61: 79 | S61: 84 | T61: 84 | U61: 86.166667 | V61: 82.8 | W61: 83.927222 | X61: 82.371667 | Y61: ='DATA US'!I157 -> YUNUS PRIANTO | Z61: ='DATA US'!C157 -> 0077784003 | AA61: 141202510113198
A62: 60 | C62: ='DATA US'!D126 -> WIJAYANTO FUJI GUMELAR | D62: ='DATA US'!B126 -> 222310108 | E62: ='DATA US'!F126 -> Bekasi | F62: ='DATA US'!G126 -> 24 Maret 2006 | G62: Teknik Elektronika Industri | H62: ='DATA US'!E126 -> P | I62: 84.73 | J62: 88.21 | K62: 87.5 | L62: 91.365 | M62: 86.5 | N62: 86.96 | O62: 84 | P62: 84.9 | Q62: 87.5 | R62: 81.5 | S62: 82.5 | T62: 83.5 | U62: 84 | V62: 85.712 | W62: 85.453889 | X62: 84.806667 | Y62: ='DATA US'!I126 -> RIANTO | Z62: ='DATA US'!C126 -> 0067521435 | AA62: 141202510113222
A63: 61 | C63: ='DATA US'!D127 -> YULIANDA ASSYIFA NAZWA | D63: ='DATA US'!B127 -> 222310109 | E63: ='DATA US'!F127 -> Bekasi | F63: ='DATA US'!G127 -> 9 Agustus 2007 | G63: Teknik Elektronika Industri | H63: ='DATA US'!E127 -> P | I63: 84.2 | J63: 84.92 | K63: 86.88 | L63: 83.87 | M63: 85.5 | N63: 85.42 | O63: 83.5 | P63: 84.8 | Q63: 85 | R63: 79 | S63: 83 | T63: 83 | U63: 83.666667 | V63: 86.16 | W63: 84.523135 | X63: 84.095833 | Y63: ='DATA US'!I127 -> YANTO ALIANA | Z63: ='DATA US'!C127 -> 0071766661 | AA63: 141202510113243

Sheet TRANSKRIF TSM
A1: No | B1: NIS | C1: TEMAPAT | D1: TANGGAL LAHIR | E1: NISN | F1: Nama | G1: PAI 1 | H1: PAI 2 | I1: PAI 3 | J1: PAI 4 | K1: PAI 5 | L1: PAI 6 | M1: PKN 1 | N1: PKN 2 | O1: PKN 3 | P1: PKN 4 | Q1: PKN 5 | R1: PKN 6 | S1: BHS.IND 1 | T1: BHS.IND 2 | U1: BHS.IND 3 | V1: BHS.IND 4 | W1: BHS.IND 5 | X1: BHS.IND 6 | Y1: MTK 1 | Z1: MTK 2 | AA1: MTK 3 | AB1: MTK 4 | AC1: MTK 5 | AD1: MTK 6 | AE1: ENGLISH 1 | AF1: ENGLISH 2 | AG1: ENGLISH 3 | AH1: ENGLISH 4 | AI1: ENGLISH 5 | AJ1: ENGLISH 6 | AK1: SEJARAH.INDO 1 | AL1: SEJARAH.INDO 2 | AM1: SEJARAH.INDO 3 | AN1: SEJARAH.INDO 4 | AO1: SEJARAH.INDO 5 | AP1: SEJARAH.INDO 6 | AQ1: SENI BUDAYA 1 | AR1: SENI BUDAYA 2 | AS1: PJOK1 | AT1: PJOK2 | AU1: PJOK3 | AV1: PJOK4 | AW1: SIMDIG 1 | AX1: SIMDIG 2 | AY1: FISIKA 1 | AZ1: FISIKA 2 | BA1: KIMIA 1 | BB1: KIMIA 2 | BC1: GT0 1 | BD1: GT0 2 | BE1: TDO 1 | BF1: TDO 2 | BG1: PDTO 1 | BH1: PDTO 2 | BI1: PMSM 3 | BJ1: PMSM 4 | BK1: PMSM 5 | BL1: PMSM 6 | BM1: PSSM 3 | BN1: PSSM 4 | BO1: PSSM 5 | BP1: PSSM 6 | BQ1: PLSM 3 | BR1: PLSM 4 | BS1: PLSM 5 | BT1: PLSM 6 | BU1: PBSM 5 | BV1: PBSM 6 | BW1: PKK 3 | BX1: PKK 4 | BY1: PKK 5 | BZ1: PKK 6 | CA1: BHS.Sunda 1 | CB1: BHS.Sunda 2 | CC1: TEMPAT PKL 1 | CD1: ALAMAT PKL 1 | CE1: RENTANG WAKTU 1 | CF1: NILAI PKL | CG1: TEMPAT PKL 1 | CH1: ALAMAT PKL 1 | CI1: RENTANG WAKTU 1 | CJ1: NILAI PKL 2 | CK1: PRAKTEK BHS.INDO | CL1: PRAKTEK PAI | CM1: PRAKTEK BHS.INGGRIS | CN1: PRAKTEK PJOK | CO1: PRAKTEK UKK | CP1: UJIKOM | CQ1: NILAI RATA RATA PAI | CR1: RATA-RATA PKN | CS1: RATA-RATA BHS.MTK | CT1: RATA-RATA BHS.INDO | CU1: RATA-RATA BHS.INGGRIS | CV1: RATA-RATA SENI BUDAYA | CW1: RATA PJOK | CX1: RATA BHS.SUNDA | CY1: RATA KIMIA | CZ1: RATA FISIKA | DA1: RATA SIMDIG | DB1: RATA TDO | DC1: RATA PDTO | DD1: RATA GTO | DE1: RATA MESIN | DF1: RATA SASIS | DG1: RATA LISTRIK | DH1: RATA PKK | DI1: RATA PBSM | DJ1: RATA SEJARAH INDO | DK1: RATA TOTAL
A2: 1 | B2: ='DATA US'!B15 -> 222310001 | C2: ='DATA US'!F15 -> BEKASI | D2: ='DATA US'!G15 -> 23 April 2007 | E2: ='DATA US'!C15 -> 0072124779 | F2: ='DATA US'!D15 -> ADAM ZAKIE RAMADHAN | G2: 82 | H2: 82 | I2: 86 | J2: 84 | K2: 84 | L2: 85 | M2: 83 | N2: 84 | O2: 81 | P2: 83 | Q2: 84 | R2: 86 | S2: 84 | T2: 85 | U2: 89 | V2: 92 | W2: 90 | X2: 89 | Y2: 75 | Z2: 75 | AA2: 86 | AB2: 86 | AC2: 82 | AD2: 90 | AE2: 82 | AF2: 78 | AG2: 79 | AH2: 84 | AI2: 90 | AJ2: 90 | AK2: 85 | AL2: 85 | AM2: - | AN2: - | AO2: - | AP2: - | AQ2: 83 | AR2: 80 | AS2: 80 | AT2: 83 | AU2: 82 | AV2: 82 | AW2: 80 | AX2: 81 | AY2: 86 | AZ2: 86 | BA2: 83 | BB2: 84 | BC2: 83 | BD2: 83 | BE2: 83 | BF2: 82 | BG2: 75 | BH2: 76 | BI2: 79 | BJ2: 79 | BK2: 84 | BL2: 86 | BM2: 87 | BN2: 85 | BO2: 85 | BP2: 86 | BQ2: 83 | BR2: 82 | BS2: 86 | BT2: 86 | BU2: 85 | BV2: 89 | BW2: 87 | BX2: 87 | BY2: 86 | BZ2: 89 | CA2: 83 | CB2: 86 | CC2: PT. Mitsuba Indonesia | CD2: Kawasan Industri MM2100 Jatiwangi Bekasi | CE2: 06 Mei 2024 - 02 Agt 2024 | CF2: B | CK2: 91.666667 | CL2: 86 | CM2: 84 | CN2: 87 | CO2: 83 | CP2: 89 | CQ2: =AVERAGE(G2:L2) -> 83.833333 | CR2: =AVERAGE(M2:R2) -> 83.5 | CS2: =AVERAGE(Y2:AD2) -> 82.333333 | CT2: =AVERAGE(S2:X2) -> 88.166667 | CU2: =AVERAGE(AE2:AJ2) -> 83.833333 | CV2: =AVERAGE(AQ2:AR2) -> 81.5 | CW2: =AVERAGE(AS2:AV2) -> 81.75 | CX2: =AVERAGE(CA2:CB2) -> 84.5 | CY2: =AVERAGE(BA2:BB2) -> 83.5 | CZ2: =AVERAGE(AY2:AZ2) -> 86 | DA2: =AVERAGE(AW2:AX2) -> 80.5 | DB2: =AVERAGE(BE2:BF2) -> 82.5 | DC2: =AVERAGE(BG2:BH2) -> 75.5 | DD2: =AVERAGE(BC2:BD2) -> 83 | DE2: =AVERAGE(BI2:BL2) -> 82 | DF2: =AVERAGE(BM2:BP2) -> 85.75 | DG2: =AVERAGE(BQ2:BT2) -> 84.25 | DH2: =AVERAGE(BW2:BZ2) -> 87.25 | DI2: =AVERAGE(BU2:BV2) -> 87 | DJ2: =AVERAGE(AK2:AL2) -> 85 | DK2: =AVERAGE(CQ2:DJ2) -> 83.583333
A3: 2 | B3: ='DATA US'!B16 -> 222310002 | C3: ='DATA US'!F16 -> BEKASI | D3: ='DATA US'!G16 -> 24 Maret 2007 | E3: ='DATA US'!C16 -> 0077315289 | F3: ='DATA US'!D16 -> AKSAY SETIA AJI | G3: 82 | H3: 80 | I3: 83 | J3: 80 | K3: 83 | L3: 85 | M3: 81 | N3: 84 | O3: 80 | P3: 83 | Q3: 83 | R3: 84 | S3: 80 | T3: 79 | U3: 85 | V3: 87 | W3: 84 | X3: 87 | Y3: 75 | Z3: 77 | AA3: 80 | AB3: 83 | AC3: 82 | AD3: 91 | AE3: 77 | AF3: 77 | AG3: 81 | AH3: 80 | AI3: 84 | AJ3: 90 | AK3: 85 | AL3: 85 | AM3: - | AN3: - | AO3: - | AP3: - | AQ3: 83 | AR3: 80 | AS3: 80 | AT3: 81 | AU3: 88 | AV3: 83 | AW3: 77 | AX3: 81 | AY3: 86 | AZ3: 86 | BA3: 85 | BB3: 85 | BC3: 83 | BD3: 80 | BE3: 83 | BF3: 80 | BG3: 75 | BH3: 76 | BI3: 81 | BJ3: 83 | BK3: 83 | BL3: 86 | BM3: 83 | BN3: 85 | BO3: 87 | BP3: 88 | BQ3: 83 | BR3: 83 | BS3: 86 | BT3: 86 | BU3: 83 | BV3: 88 | BW3: 86 | BX3: 86 | BY3: 81 | BZ3: 88 | CA3: 80 | CB3: 85 | CC3: PT. Sohou Kikaku Indonesia | CD3: MM2100 Jl. Lombok I, N- 16 Cikarang Barat | CE3: 27 Nov 2023 - 27 Agt 2024 | CF3: A | CK3: 89.666667 | CL3: 83.666667 | CM3: 81 | CN3: 88 | CO3: 83 | CP3: 90.166667 | CQ3: =AVERAGE(G3:L3) -> 82.166667 | CR3: =AVERAGE(M3:R3) -> 82.5 | CS3: =AVERAGE(Y3:AD3) -> 81.333333 | CT3: =AVERAGE(S3:X3) -> 83.666667 | CU3: =AVERAGE(AE3:AJ3) -> 81.5 | CV3: =AVERAGE(AQ3:AR3) -> 81.5 | CW3: =AVERAGE(AS3:AV3) -> 83 | CX3: =AVERAGE(CA3:CB3) -> 82.5 | CY3: =AVERAGE(BA3:BB3) -> 85 | CZ3: =AVERAGE(AY3:AZ3) -> 86 | DA3: =AVERAGE(AW3:AX3) -> 79 | DB3: =AVERAGE(BE3:BF3) -> 81.5 | DC3: =AVERAGE(BG3:BH3) -> 75.5 | DD3: =AVERAGE(BC3:BD3) -> 81.5 | DE3: =AVERAGE(BI3:BL3) -> 83.25 | DF3: =AVERAGE(BM3:BP3) -> 85.75 | DG3: =AVERAGE(BQ3:BT3) -> 84.5 | DH3: =AVERAGE(BW3:BZ3) -> 85.25 | DI3: =AVERAGE(BU3:BV3) -> 85.5 | DJ3: =AVERAGE(AK3:AL3) -> 85 | DK3: =AVERAGE(CQ3:DJ3) -> 82.795833
A4: 3 | B4: ='DATA US'!B17 -> 222310003 | C4: ='DATA US'!F17 -> BEKASI | D4: ='DATA US'!G17 -> 30 Juni 2007 | E4: ='DATA US'!C17 -> 0078124071 | F4: ='DATA US'!D17 -> ALFRIYANSYAH FINDO SALMAN | G4: 82 | H4: 78 | I4: 84 | J4: 83 | K4: 82 | L4: 83 | M4: 79 | N4: 81 | O4: 80 | P4: 83 | Q4: 83 | R4: 83 | S4: 80 | T4: 79 | U4: 78 | V4: 85 | W4: 80 | X4: 83 | Y4: 75 | Z4: 75 | AA4: 78 | AB4: 79 | AC4: 82 | AD4: 86 | AE4: 84 | AF4: 77 | AG4: 80 | AH4: 80 | AI4: 84 | AJ4: 85 | AK4: 82 | AL4: 84 | AM4: - | AN4: - | AO4: - | AP4: - | AQ4: 83 | AR4: 79 | AS4: 80 | AT4: 81 | AU4: 89 | AV4: 85 | AW4: 77 | AX4: 81 | AY4: 84 | AZ4: 85 | BA4: 82 | BB4: 83 | BC4: 75 | BD4: 78 | BE4: 75 | BF4: 76 | BG4: 75 | BH4: 75 | BI4: 79 | BJ4: 80 | BK4: 84 | BL4: 83 | BM4: 84 | BN4: 85 | BO4: 83 | BP4: 84 | BQ4: 81 | BR4: 82 | BS4: 83 | BT4: 83 | BU4: 80 | BV4: 86 | BW4: 83 | BX4: 84 | BY4: 81 | BZ4: 86 | CA4: 79 | CB4: 82 | CC4: PT. Alcomexindo | CD4: Kp. Mariuk Rt 004 rw 002 Gandamekar Kec.Cikarang Barat | CE4: 7 Mei 2024 - 7 Nov 2024 | CF4: B | CK4: 88.333333 | CL4: 83.666667 | CM4: 81 | CN4: 87 | CO4: 82.25 | CP4: 88.527778 | CQ4: =AVERAGE(G4:L4) -> 82 | CR4: =AVERAGE(M4:R4) -> 81.5 | CS4: =AVERAGE(Y4:AD4) -> 79.166667 | CT4: =AVERAGE(S4:X4) -> 80.833333 | CU4: =AVERAGE(AE4:AJ4) -> 81.666667 | CV4: =AVERAGE(AQ4:AR4) -> 81 | CW4: =AVERAGE(AS4:AV4) -> 83.75 | CX4: =AVERAGE(CA4:CB4) -> 80.5 | CY4: =AVERAGE(BA4:BB4) -> 82.5 | CZ4: =AVERAGE(AY4:AZ4) -> 84.5 | DA4: =AVERAGE(AW4:AX4) -> 79 | DB4: =AVERAGE(BE4:BF4) -> 75.5 | DC4: =AVERAGE(BG4:BH4) -> 75 | DD4: =AVERAGE(BC4:BD4) -> 76.5 | DE4: =AVERAGE(BI4:BL4) -> 81.5 | DF4: =AVERAGE(BM4:BP4) -> 84 | DG4: =AVERAGE(BQ4:BT4) -> 82.25 | DH4: =AVERAGE(BW4:BZ4) -> 83.5 | DI4: =AVERAGE(BU4:BV4) -> 83 | DJ4: =AVERAGE(AK4:AL4) -> 83 | DK4: =AVERAGE(CQ4:DJ4) -> 81.033333
A5: 4 | B5: ='DATA US'!B18 -> 222310004 | C5: ='DATA US'!F18 -> CIAMIS | D5: ='DATA US'!G18 -> 20 Oktober 2006 | E5: ='DATA US'!C18 -> 0134157802 | F5: ='DATA US'!D18 -> ARIEF OKTA PRATAMA | G5: 80 | H5: 78 | I5: 83 | J5: 83 | K5: 82 | L5: 83 | M5: 78 | N5: 81 | O5: 79 | P5: 84 | Q5: 83 | R5: 84 | S5: 78 | T5: 79 | U5: 78 | V5: 80 | W5: 80 | X5: 83 | Y5: 75 | Z5: 75 | AA5: 78 | AB5: 79 | AC5: 83 | AD5: 86 | AE5: 79 | AF5: 77 | AG5: 79 | AH5: 80 | AI5: 82 | AJ5: 85 | AK5: 81 | AL5: 79 | AM5: - | AN5: - | AO5: - | AP5: - | AQ5: 83 | AR5: 81 | AS5: 80 | AT5: 81 | AU5: 83 | AV5: 82 | AW5: 78 | AX5: 81 | AY5: 84 | AZ5: 82 | BA5: 83 | BB5: 84 | BC5: 75 | BD5: 81 | BE5: 75 | BF5: 82 | BG5: 75 | BH5: 76 | BI5: 78 | BJ5: 79 | BK5: 83 | BL5: 83 | BM5: 78 | BN5: 79 | BO5: 81 | BP5: 82 | BQ5: 78 | BR5: 81 | BS5: 84 | BT5: 83 | BU5: 81 | BV5: 87 | BW5: 85 | BX5: 85 | BY5: 82 | BZ5: 87 | CA5: 81 | CB5: 81 | CC5: PT. Alcomexindo | CD5: Kp. Mariuk Rt 004 rw 002 Gandamekar Kec.Cikarang Barat | CE5: 20 Juli 2024- 20 Nov 2024 | CF5: B | CK5: 88.666667 | CL5: 82.333333 | CM5: 81 | CN5: 87 | CO5: 80 | CP5: 86.027778 | CQ5: =AVERAGE(G5:L5) -> 81.5 | CR5: =AVERAGE(M5:R5) -> 81.5 | CS5: =AVERAGE(Y5:AD5) -> 79.333333 | CT5: =AVERAGE(S5:X5) -> 79.666667 | CU5: =AVERAGE(AE5:AJ5) -> 80.333333 | CV5: =AVERAGE(AQ5:AR5) -> 82 | CW5: =AVERAGE(AS5:AV5) -> 81.5 | CX5: =AVERAGE(CA5:CB5) -> 81 | CY5: =AVERAGE(BA5:BB5) -> 83.5 | CZ5: =AVERAGE(AY5:AZ5) -> 83 | DA5: =AVERAGE(AW5:AX5) -> 79.5 | DB5: =AVERAGE(BE5:BF5) -> 78.5 | DC5: =AVERAGE(BG5:BH5) -> 75.5 | DD5: =AVERAGE(BC5:BD5) -> 78 | DE5: =AVERAGE(BI5:BL5) -> 80.75 | DF5: =AVERAGE(BM5:BP5) -> 80 | DG5: =AVERAGE(BQ5:BT5) -> 81.5 | DH5: =AVERAGE(BW5:BZ5) -> 84.75 | DI5: =AVERAGE(BU5:BV5) -> 84 | DJ5: =AVERAGE(AK5:AL5) -> 80 | DK5: =AVERAGE(CQ5:DJ5) -> 80.791667
A6: 5 | B6: ='DATA US'!B19 -> 222310005 | C6: ='DATA US'!F19 -> BEKASI | D6: ='DATA US'!G19 -> 8 Agustus 2007 | E6: ='DATA US'!C19 -> 0072858452 | F6: ='DATA US'!D19 -> DEDEN RIZKY SAPUTRA | G6: 84 | H6: 84 | I6: 85 | J6: 86 | K6: 88 | L6: 90 | M6: 86 | N6: 86 | O6: 85 | P6: 86 | Q6: 86 | R6: 90 | S6: 79 | T6: 84 | U6: 91 | V6: 91 | W6: 91 | X6: 90 | Y6: 79 | Z6: 78 | AA6: 86 | AB6: 86 | AC6: 89 | AD6: 91 | AE6: 82 | AF6: 79 | AG6: 85 | AH6: 87 | AI6: 87 | AJ6: 95 | AK6: 87 | AL6: 88 | AM6: - | AN6: - | AO6: - | AP6: - | AQ6: 83 | AR6: 85 | AS6: 80 | AT6: 82 | AU6: 84 | AV6: 84 | AW6: 83 | AX6: 85 | AY6: 87 | AZ6: 86 | BA6: 87 | BB6: 87 | BC6: 88 | BD6: 89 | BE6: 88 | BF6: 89 | BG6: 76 | BH6: 82 | BI6: 85 | BJ6: 88 | BK6: 84 | BL6: 88 | BM6: 88 | BN6: 86 | BO6: 89 | BP6: 90 | BQ6: 86 | BR6: 89 | BS6: 88 | BT6: 88 | BU6: 91 | BV6: 90 | BW6: 88 | BX6: 88 | BY6: 87 | BZ6: 90 | CA6: 85 | CB6: 87 | CC6: PT. SBP Indonesia | CD6: Kawasan Industri MM2100 Jatiwangi Bekasi | CE6: 12 Maret 2024 - 31 Mei 2024 | CF6: A | CK6: 91.666667 | CL6: 88.666667 | CM6: 93 | CN6: 87 | CO6: 82.25 | CP6: 89.555556 | CQ6: =AVERAGE(G6:L6) -> 86.166667 | CR6: =AVERAGE(M6:R6) -> 86.5 | CS6: =AVERAGE(Y6:AD6) -> 84.833333 | CT6: =AVERAGE(S6:X6) -> 87.666667 | CU6: =AVERAGE(AE6:AJ6) -> 85.833333 | CV6: =AVERAGE(AQ6:AR6) -> 84 | CW6: =AVERAGE(AS6:AV6) -> 82.5 | CX6: =AVERAGE(CA6:CB6) -> 86 | CY6: =AVERAGE(BA6:BB6) -> 87 | CZ6: =AVERAGE(AY6:AZ6) -> 86.5 | DA6: =AVERAGE(AW6:AX6) -> 84 | DB6: =AVERAGE(BE6:BF6) -> 88.5 | DC6: =AVERAGE(BG6:BH6) -> 79 | DD6: =AVERAGE(BC6:BD6) -> 88.5 | DE6: =AVERAGE(BI6:BL6) -> 86.25 | DF6: =AVERAGE(BM6:BP6) -> 88.25 | DG6: =AVERAGE(BQ6:BT6) -> 87.75 | DH6: =AVERAGE(BW6:BZ6) -> 88.25 | DI6: =AVERAGE(BU6:BV6) -> 90.5 | DJ6: =AVERAGE(AK6:AL6) -> 87.5 | DK6: =AVERAGE(CQ6:DJ6) -> 86.275
A7: 6 | B7: ='DATA US'!B20 -> 222310006 | C7: ='DATA US'!F20 -> BEKASI | D7: ='DATA US'!G20 -> 8 Agustus 2007 | E7: ='DATA US'!C20 -> 0073210618 | F7: ='DATA US'!D20 -> DENI RAHMAT SAPUTRA | G7: 85 | H7: 85 | I7: 87 | J7: 88 | K7: 86 | L7: 87 | M7: 86 | N7: 86 | O7: 85 | P7: 85 | Q7: 86 | R7: 90 | S7: 81 | T7: 87 | U7: 84 | V7: 91 | W7: 91 | X7: 91 | Y7: 80 | Z7: 80 | AA7: 87 | AB7: 87 | AC7: 88 | AD7: 91 | AE7: 82 | AF7: 78 | AG7: 84 | AH7: 83 | AI7: 90 | AJ7: 95 | AK7: 87 | AL7: 89 | AM7: - | AN7: - | AO7: - | AP7: - | AQ7: 83 | AR7: 84 | AS7: 81 | AT7: 82 | AU7: 89 | AV7: 87 | AW7: 81 | AX7: 85 | AY7: 86 | AZ7: 86 | BA7: 86 | BB7: 86 | BC7: 86 | BD7: 90 | BE7: 88 | BF7: 88 | BG7: 75 | BH7: 76 | BI7: 85 | BJ7: 88 | BK7: 83 | BL7: 88 | BM7: 88 | BN7: 86 | BO7: 89 | BP7: 90 | BQ7: 87 | BR7: 87 | BS7: 88 | BT7: 88 | BU7: 90 | BV7: 90 | BW7: 87 | BX7: 88 | BY7: 87 | BZ7: 90 | CA7: 86 | CB7: 88 | CC7: PT. Sliontec Ekadharma | CD7: Kawasan Industri MM2100 Jatiwangi Bekasi | CE7: 2 Mei 2024 - 2 Agustus 2024 | CF7: B | CK7: 91.666667 | CL7: 87.666667 | CM7: 95 | CN7: 80 | CO7: 82.25 | CP7: 89.333333 | CQ7: =AVERAGE(G7:L7) -> 86.333333 | CR7: =AVERAGE(M7:R7) -> 86.333333 | CS7: =AVERAGE(Y7:AD7) -> 85.5 | CT7: =AVERAGE(S7:X7) -> 87.5 | CU7: =AVERAGE(AE7:AJ7) -> 85.333333 | CV7: =AVERAGE(AQ7:AR7) -> 83.5 | CW7: =AVERAGE(AS7:AV7) -> 84.75 | CX7: =AVERAGE(CA7:CB7) -> 87 | CY7: =AVERAGE(BA7:BB7) -> 86 | CZ7: =AVERAGE(AY7:AZ7) -> 86 | DA7: =AVERAGE(AW7:AX7) -> 83 | DB7: =AVERAGE(BE7:BF7) -> 88 | DC7: =AVERAGE(BG7:BH7) -> 75.5 | DD7: =AVERAGE(BC7:BD7) -> 88 | DE7: =AVERAGE(BI7:BL7) -> 86 | DF7: =AVERAGE(BM7:BP7) -> 88.25 | DG7: =AVERAGE(BQ7:BT7) -> 87.5 | DH7: =AVERAGE(BW7:BZ7) -> 88 | DI7: =AVERAGE(BU7:BV7) -> 90 | DJ7: =AVERAGE(AK7:AL7) -> 88 | DK7: =AVERAGE(CQ7:DJ7) -> 86.025
A8: 7 | B8: ='DATA US'!B21 -> 222310007 | C8: ='DATA US'!F21 -> BEKASI | D8: ='DATA US'!G21 -> 14 April 2007 | E8: ='DATA US'!C21 -> 0072762394 | F8: ='DATA US'!D21 -> DITO AJI TRI CAHYO | G8: 81 | H8: 82 | I8: 82 | J8: 81 | K8: 83 | L8: 84 | M8: 86 | N8: 86 | O8: 84 | P8: 85 | Q8: 85 | R8: 87 | S8: 85 | T8: 84 | U8: 91 | V8: 91 | W8: 90 | X8: 90 | Y8: 76 | Z8: 78 | AA8: 85 | AB8: 85 | AC8: 84 | AD8: 90 | AE8: 78 | AF8: 78 | AG8: 83 | AH8: 87 | AI8: 87 | AJ8: 90 | AK8: 85 | AL8: 86 | AM8: - | AN8: - | AO8: - | AP8: - | AQ8: 84 | AR8: 84 | AS8: 81 | AT8: 82 | AU8: 89 | AV8: 85 | AW8: 80 | AX8: 84 | AY8: 86 | AZ8: 86 | BA8: 85 | BB8: 85 | BC8: 86 | BD8: 88 | BE8: 84 | BF8: 88 | BG8: 75 | BH8: 80 | BI8: 83 | BJ8: 87 | BK8: 83 | BL8: 88 | BM8: 87 | BN8: 85 | BO8: 87 | BP8: 88 | BQ8: 84 | BR8: 85 | BS8: 85 | BT8: 87 | BU8: 81 | BV8: 90 | BW8: 87 | BX8: 88 | BY8: 82 | BZ8: 90 | CA8: 85 | CB8: 86 | CC8: PT. SBP Indonesia | CD8: Kawasan Industri MM2100 Jatiwangi Bekasi | CE8: 13 Nov 2023 - 29 Feb 2024 | CF8: A | CG8: PT Daido Metal Indonesia | CH8: Kws. Industri MM2100 Kec.Cikarang Barat | CI8: 13 Nov 2023 - 29 Feb 2024 | CJ8: A | CK8: 91 | CL8: 83 | CM8: 82 | CN8: 87 | CO8: 83 | CP8: 88.833333 | CQ8: =AVERAGE(G8:L8) -> 82.166667 | CR8: =AVERAGE(M8:R8) -> 85.5 | CS8: =AVERAGE(Y8:AD8) -> 83 | CT8: =AVERAGE(S8:X8) -> 88.5 | CU8: =AVERAGE(AE8:AJ8) -> 83.833333 | CV8: =AVERAGE(AQ8:AR8) -> 84 | CW8: =AVERAGE(AS8:AV8) -> 84.25 | CX8: =AVERAGE(CA8:CB8) -> 85.5 | CY8: =AVERAGE(BA8:BB8) -> 85 | CZ8: =AVERAGE(AY8:AZ8) -> 86 | DA8: =AVERAGE(AW8:AX8) -> 82 | DB8: =AVERAGE(BE8:BF8) -> 86 | DC8: =AVERAGE(BG8:BH8) -> 77.5 | DD8: =AVERAGE(BC8:BD8) -> 87 | DE8: =AVERAGE(BI8:BL8) -> 85.25 | DF8: =AVERAGE(BM8:BP8) -> 86.75 | DG8: =AVERAGE(BQ8:BT8) -> 85.25 | DH8: =AVERAGE(BW8:BZ8) -> 86.75 | DI8: =AVERAGE(BU8:BV8) -> 85.5 | DJ8: =AVERAGE(AK8:AL8) -> 85.5 | DK8: =AVERAGE(CQ8:DJ8) -> 84.7625
A9: 8 | B9: ='DATA US'!B22 -> 222310008 | C9: ='DATA US'!F22 -> BEKASI | D9: ='DATA US'!G22 -> 10 Januari 2007 | E9: ='DATA US'!C22 -> 0078607611 | F9: ='DATA US'!D22 -> EGA MAULANA RAYHAN | G9: 81 | H9: 80 | I9: 80 | J9: 83 | K9: 84 | L9: 84 | M9: 81 | N9: 83 | O9: 81 | P9: 83 | Q9: 83 | R9: 85 | S9: 78 | T9: 79 | U9: 89 | V9: 89 | W9: 90 | X9: 90 | Y9: 75 | Z9: 75 | AA9: 78 | AB9: 83 | AC9: 81 | AD9: 90 | AE9: 81 | AF9: 78 | AG9: 81 | AH9: 80 | AI9: 83 | AJ9: 90 | AK9: 82 | AL9: 81 | AM9: - | AN9: - | AO9: - | AP9: - | AQ9: 81 | AR9: 80 | AS9: 81 | AT9: 81 | AU9: 89 | AV9: 88 | AW9: 77 | AX9: 83 | AY9: 84 | AZ9: 84 | BA9: 82 | BB9: 83 | BC9: 81 | BD9: 86 | BE9: 77 | BF9: 86 | BG9: 75 | BH9: 76 | BI9: 85 | BJ9: 87 | BK9: 83 | BL9: 88 | BM9: 86 | BN9: 85 | BO9: 89 | BP9: 90 | BQ9: 83 | BR9: 87 | BS9: 88 | BT9: 88 | BU9: 87 | BV9: 87 | BW9: 85 | BX9: 85 | BY9: 88 | BZ9: 87 | CA9: 81 | CB9: 84 | CC9: PT. Adyawinsa Plastics Industri | CD9: Jl. Angsana Raya Blok L6 No 1 Delta Silicon 1, Lippo Cikarang | CE9: 19 April 2024 - 29 Juli 2024 | CF9: B | CK9: 89.333333 | CL9: 84 | CM9: 82 | CN9: 85 | CO9: 81.25 | CP9: 86.777778 | CQ9: =AVERAGE(G9:L9) -> 82 | CR9: =AVERAGE(M9:R9) -> 82.666667 | CS9: =AVERAGE(Y9:AD9) -> 80.333333 | CT9: =AVERAGE(S9:X9) -> 85.833333 | CU9: =AVERAGE(AE9:AJ9) -> 82.166667 | CV9: =AVERAGE(AQ9:AR9) -> 80.5 | CW9: =AVERAGE(AS9:AV9) -> 84.75 | CX9: =AVERAGE(CA9:CB9) -> 82.5 | CY9: =AVERAGE(BA9:BB9) -> 82.5 | CZ9: =AVERAGE(AY9:AZ9) -> 84 | DA9: =AVERAGE(AW9:AX9) -> 80 | DB9: =AVERAGE(BE9:BF9) -> 81.5 | DC9: =AVERAGE(BG9:BH9) -> 75.5 | DD9: =AVERAGE(BC9:BD9) -> 83.5 | DE9: =AVERAGE(BI9:BL9) -> 85.75 | DF9: =AVERAGE(BM9:BP9) -> 87.5 | DG9: =AVERAGE(BQ9:BT9) -> 86.5 | DH9: =AVERAGE(BW9:BZ9) -> 86.25 | DI9: =AVERAGE(BU9:BV9) -> 87 | DJ9: =AVERAGE(AK9:AL9) -> 81.5 | DK9: =AVERAGE(CQ9:DJ9) -> 83.1125
A10: 9 | B10: ='DATA US'!B23 -> 222310009 | C10: ='DATA US'!F23 -> BEKASI | D10: ='DATA US'!G23 -> 3 Juli 2007 | E10: ='DATA US'!C23 -> 0071107397 | F10: ='DATA US'!D23 -> FAUZA WIJAYA | G10: 82 | H10: 83 | I10: 84 | J10: 83 | K10: 85 | L10: 86 | M10: 82 | N10: 84 | O10: 82 | P10: 83 | Q10: 83 | R10: 84 | S10: 84 | T10: 77 | U10: 89 | V10: 89 | W10: 90 | X10: 90 | Y10: 75 | Z10: 75 | AA10: 80 | AB10: 83 | AC10: 83 | AD10: 87 | AE10: 80 | AF10: 77 | AG10: 82 | AH10: 81 | AI10: 84 | AJ10: 85 | AK10: 84 | AL10: 86 | AM10: - | AN10: - | AO10: - | AP10: - | AQ10: 81 | AR10: 80 | AS10: 81 | AT10: 82 | AU10: 89 | AV10: 84 | AW10: 78 | AX10: 83 | AY10: 85 | AZ10: 86 | BA10: 85 | BB10: 85 | BC10: 84 | BD10: 83 | BE10: 82 | BF10: 81 | BG10: 75 | BH10: 76 | BI10: 82 | BJ10: 82 | BK10: 83 | BL10: 86 | BM10: 83 | BN10: 85 | BO10: 85 | BP10: 86 | BQ10: 81 | BR10: 83 | BS10: 87 | BT10: 86 | BU10: 85 | BV10: 89 | BW10: 87 | BX10: 87 | BY10: 86 | BZ10: 89 | CA10: 81 | CB10: 83 | CC10: PT. Sohou Kikaku Indonesia | CD10: MM2100 Jl. Lombok I, N- 16 Cikarang Barat | CE10: 27 Nov 2023 - 27 Mei 2024 | CF10: A | CK10: 91 | CL10: 85 | CM10: 81 | CN10: 87 | CO10: 83 | CP10: 88.75 | CQ10: =AVERAGE(G10:L10) -> 83.833333 | CR10: =AVERAGE(M10:R10) -> 83 | CS10: =AVERAGE(Y10:AD10) -> 80.5 | CT10: =AVERAGE(S10:X10) -> 86.5 | CU10: =AVERAGE(AE10:AJ10) -> 81.5 | CV10: =AVERAGE(AQ10:AR10) -> 80.5 | CW10: =AVERAGE(AS10:AV10) -> 84 | CX10: =AVERAGE(CA10:CB10) -> 82 | CY10: =AVERAGE(BA10:BB10) -> 85 | CZ10: =AVERAGE(AY10:AZ10) -> 85.5 | DA10: =AVERAGE(AW10:AX10) -> 80.5 | DB10: =AVERAGE(BE10:BF10) -> 81.5 | DC10: =AVERAGE(BG10:BH10) -> 75.5 | DD10: =AVERAGE(BC10:BD10) -> 83.5 | DE10: =AVERAGE(BI10:BL10) -> 83.25 | DF10: =AVERAGE(BM10:BP10) -> 84.75 | DG10: =AVERAGE(BQ10:BT10) -> 84.25 | DH10: =AVERAGE(BW10:BZ10) -> 87.25 | DI10: =AVERAGE(BU10:BV10) -> 87 | DJ10: =AVERAGE(AK10:AL10) -> 85 | DK10: =AVERAGE(CQ10:DJ10) -> 83.241667
A11: 10 | B11: ='DATA US'!B24 -> 222310010 | C11: ='DATA US'!F24 -> BEKASI | D11: ='DATA US'!G24 -> 3 Oktober 2007 | E11: ='DATA US'!C24 -> 0072628439 | F11: ='DATA US'!D24 -> FAZRI RAMDANI AL BASIT | G11: 81 | H11: 81 | I11: 85 | J11: 83 | K11: 84 | L11: 85 | M11: 80 | N11: 83 | O11: 82 | P11: 83 | Q11: 83 | R11: 85 | S11: 83 | T11: 80 | U11: 89 | V11: 90 | W11: 89 | X11: 89 | Y11: 75 | Z11: 75 | AA11: 80 | AB11: 83 | AC11: 82 | AD11: 85 | AE11: 84 | AF11: 78 | AG11: 81 | AH11: 80 | AI11: 84 | AJ11: 85 | AK11: 82 | AL11: 83 | AM11: - | AN11: - | AO11: - | AP11: - | AQ11: 83 | AR11: 81 | AS11: 80 | AT11: 82 | AU11: 84 | AV11: 82 | AW11: 78 | AX11: 84 | AY11: 85 | AZ11: 85 | BA11: 83 | BB11: 84 | BC11: 75 | BD11: 87 | BE11: 75 | BF11: 85 | BG11: 75 | BH11: 80 | BI11: 86 | BJ11: 88 | BK11: 83 | BL11: 88 | BM11: 89 | BN11: 86 | BO11: 89 | BP11: 90 | BQ11: 85 | BR11: 87 | BS11: 88 | BT11: 88 | BU11: 88 | BV11: 89 | BW11: 87 | BX11: 87 | BY11: 86 | BZ11: 89 | CA11: 82 | CB11: 82 | CC11: PT. SBP Indonesia | CD11: Kawasan Industri MM2100 Jatiwangi Bekasi | CE11: 12 Maret 2024 - 31 Mei 2024 | CF11: B | CK11: 90.333333 | CL11: 84 | CM11: 85 | CN11: 88 | CO11: 81.25 | CP11: 87.166667 | CQ11: =AVERAGE(G11:L11) -> 83.166667 | CR11: =AVERAGE(M11:R11) -> 82.666667 | CS11: =AVERAGE(Y11:AD11) -> 80 | CT11: =AVERAGE(S11:X11) -> 86.666667 | CU11: =AVERAGE(AE11:AJ11) -> 82 | CV11: =AVERAGE(AQ11:AR11) -> 82 | CW11: =AVERAGE(AS11:AV11) -> 82 | CX11: =AVERAGE(CA11:CB11) -> 82 | CY11: =AVERAGE(BA11:BB11) -> 83.5 | CZ11: =AVERAGE(AY11:AZ11) -> 85 | DA11: =AVERAGE(AW11:AX11) -> 81 | DB11: =AVERAGE(BE11:BF11) -> 80 | DC11: =AVERAGE(BG11:BH11) -> 77.5 | DD11: =AVERAGE(BC11:BD11) -> 81 | DE11: =AVERAGE(BI11:BL11) -> 86.25 | DF11: =AVERAGE(BM11:BP11) -> 88.5 | DG11: =AVERAGE(BQ11:BT11) -> 87 | DH11: =AVERAGE(BW11:BZ11) -> 87.25 | DI11: =AVERAGE(BU11:BV11) -> 88.5 | DJ11: =AVERAGE(AK11:AL11) -> 82.5 | DK11: =AVERAGE(CQ11:DJ11) -> 83.425
A12: 11 | B12: ='DATA US'!B25 -> 222310011 | C12: ='DATA US'!F25 -> BEKASI | D12: ='DATA US'!G25 -> 24 Februari 2006 | E12: ='DATA US'!C25 -> 0064029233 | F12: ='DATA US'!D25 -> INTO | G12: 80 | H12: 79 | I12: 84 | J12: 82 | K12: 84 | L12: 85 | M12: 79 | N12: 80 | O12: 79 | P12: 82 | Q12: 82 | R12: 84 | S12: 83 | T12: 81 | U12: 83 | V12: 83 | W12: 83 | X12: 85 | Y12: 75 | Z12: 75 | AA12: 78 | AB12: 83 | AC12: 85 | AD12: 87 | AE12: 76 | AF12: 77 | AG12: 80 | AH12: 82 | AI12: 87 | AJ12: 85 | AK12: 79 | AL12: 77 | AM12: - | AN12: - | AO12: - | AP12: - | AQ12: 81 | AR12: 78 | AS12: 80 | AT12: 82 | AU12: 88 | AV12: 85 | AW12: 77 | AX12: 81 | AY12: 83 | AZ12: 83 | BA12: 83 | BB12: 83 | BC12: 75 | BD12: 78 | BE12: 75 | BF12: 78 | BG12: 75 | BH12: 75 | BI12: 78 | BJ12: 79 | BK12: 83 | BL12: 88 | BM12: 85 | BN12: 83 | BO12: 87 | BP12: 88 | BQ12: 78 | BR12: 84 | BS12: 86 | BT12: 88 | BU12: 84 | BV12: 87 | BW12: 85 | BX12: 85 | BY12: 85 | BZ12: 87 | CA12: 80 | CB12: 81 | CC12: PT. Sarana Unggul Pratama | CD12: Lippo Cikarang Industrial Delta Silicon | CE12: 16 April 2024 -16 Juli 2024 | CF12: B | CK12: 89.333333 | CL12: 84 | CM12: 80 | CN12: 80 | CO12: 82 | CP12: 89.527778 | CQ12: =AVERAGE(G12:L12) -> 82.333333 | CR12: =AVERAGE(M12:R12) -> 81 | CS12: =AVERAGE(Y12:AD12) -> 80.5 | CT12: =AVERAGE(S12:X12) -> 83 | CU12: =AVERAGE(AE12:AJ12) -> 81.166667 | CV12: =AVERAGE(AQ12:AR12) -> 79.5 | CW12: =AVERAGE(AS12:AV12) -> 83.75 | CX12: =AVERAGE(CA12:CB12) -> 80.5 | CY12: =AVERAGE(BA12:BB12) -> 83 | CZ12: =AVERAGE(AY12:AZ12) -> 83 | DA12: =AVERAGE(AW12:AX12) -> 79 | DB12: =AVERAGE(BE12:BF12) -> 76.5 | DC12: =AVERAGE(BG12:BH12) -> 75 | DD12: =AVERAGE(BC12:BD12) -> 76.5 | DE12: =AVERAGE(BI12:BL12) -> 82 | DF12: =AVERAGE(BM12:BP12) -> 85.75 | DG12: =AVERAGE(BQ12:BT12) -> 84 | DH12: =AVERAGE(BW12:BZ12) -> 85.5 | DI12: =AVERAGE(BU12:BV12) -> 85.5 | DJ12: =AVERAGE(AK12:AL12) -> 78 | DK12: =AVERAGE(CQ12:DJ12) -> 81.275
A13: 12 | B13: ='DATA US'!B26 -> 222310012 | C13: ='DATA US'!F26 -> BEKASI | D13: ='DATA US'!G26 -> 19 Januari 2007 | E13: ='DATA US'!C26 -> 0075073374 | F13: ='DATA US'!D26 -> IRPAN MAULANA | G13: 83 | H13: 82 | I13: 83 | J13: 82 | K13: 83 | L13: 83 | M13: 82 | N13: 83 | O13: 82 | P13: 83 | Q13: 83 | R13: 86 | S13: 84 | T13: 85 | U13: 89 | V13: 90 | W13: 89 | X13: 89 | Y13: 75 | Z13: 76 | AA13: 78 | AB13: 81 | AC13: 86 | AD13: 88 | AE13: 76 | AF13: 77 | AG13: 80 | AH13: 82 | AI13: 85 | AJ13: 85 | AK13: 86 | AL13: 85 | AM13: - | AN13: - | AO13: - | AP13: - | AQ13: 83 | AR13: 79 | AS13: 81 | AT13: 81 | AU13: 88 | AV13: 86 | AW13: 79 | AX13: 83 | AY13: 86 | AZ13: 84 | BA13: 85 | BB13: 84 | BC13: 84 | BD13: 81 | BE13: 82 | BF13: 84 | BG13: 76 | BH13: 75 | BI13: 79 | BJ13: 81 | BK13: 83 | BL13: 86 | BM13: 85 | BN13: 86 | BO13: 89 | BP13: 90 | BQ13: 81 | BR13: 85 | BS13: 85 | BT13: 86 | BU13: 81 | BV13: 88 | BW13: 85 | BX13: 86 | BY13: 85 | BZ13: 88 | CA13: 85 | CB13: 86 | CC13: PT. Alcomexindo | CD13: Kp. Mariuk Rt 004 rw 002 Gandamekar Kec.Cikarang Barat | CE13: 07 Feb 2024 - 07 Agt 2024 | CF13: A | CK13: 89.333333 | CL13: 84.333333 | CM13: 83 | CN13: 86 | CO13: 82.25 | CP13: 88.777778 | CQ13: =AVERAGE(G13:L13) -> 82.666667 | CR13: =AVERAGE(M13:R13) -> 83.166667 | CS13: =AVERAGE(Y13:AD13) -> 80.666667 | CT13: =AVERAGE(S13:X13) -> 87.666667 | CU13: =AVERAGE(AE13:AJ13) -> 80.833333 | CV13: =AVERAGE(AQ13:AR13) -> 81 | CW13: =AVERAGE(AS13:AV13) -> 84 | CX13: =AVERAGE(CA13:CB13) -> 85.5 | CY13: =AVERAGE(BA13:BB13) -> 84.5 | CZ13: =AVERAGE(AY13:AZ13) -> 85 | DA13: =AVERAGE(AW13:AX13) -> 81 | DB13: =AVERAGE(BE13:BF13) -> 83 | DC13: =AVERAGE(BG13:BH13) -> 75.5 | DD13: =AVERAGE(BC13:BD13) -> 82.5 | DE13: =AVERAGE(BI13:BL13) -> 82.25 | DF13: =AVERAGE(BM13:BP13) -> 87.5 | DG13: =AVERAGE(BQ13:BT13) -> 84.25 | DH13: =AVERAGE(BW13:BZ13) -> 86 | DI13: =AVERAGE(BU13:BV13) -> 84.5 | DJ13: =AVERAGE(AK13:AL13) -> 85.5 | DK13: =AVERAGE(CQ13:DJ13) -> 83.35
A14: 13 | B14: ='DATA US'!B27 -> 222310013 | C14: ='DATA US'!F27 -> BANDUNG | D14: ='DATA US'!G27 -> 23 Juni 2006 | E14: ='DATA US'!C27 -> 0066462669 | F14: ='DATA US'!D27 -> JULIUS MANGI ULY | G14: 82 | H14: 79 | I14: 85 | J14: 84 | K14: 85 | L14: 86 | M14: 85 | N14: 87 | O14: 86 | P14: 86 | Q14: 85 | R14: 88 | S14: 79 | T14: 84 | U14: 90 | V14: 90 | W14: 90 | X14: 90 | Y14: 76 | Z14: 82 | AA14: 84 | AB14: 85 | AC14: 85 | AD14: 88 | AE14: 81 | AF14: 79 | AG14: 85 | AH14: 87 | AI14: 91 | AJ14: 90 | AK14: 87 | AL14: 87 | AM14: - | AN14: - | AO14: - | AP14: - | AQ14: 83 | AR14: 81 | AS14: 81 | AT14: 81 | AU14: 89 | AV14: 86 | AW14: 78 | AX14: 87 | AY14: 86 | AZ14: 86 | BA14: 83 | BB14: 84 | BC14: 87 | BD14: 89 | BE14: 85 | BF14: 90 | BG14: 75 | BH14: 77 | BI14: 85 | BJ14: 86 | BK14: 84 | BL14: 86 | BM14: 87 | BN14: 85 | BO14: 87 | BP14: 88 | BQ14: 88 | BR14: 84 | BS14: 85 | BT14: 85 | BU14: 86 | BV14: 88 | BW14: 87 | BX14: 88 | BY14: 85 | BZ14: 88 | CA14: 85 | CB14: 89 | CC14: PT. Mitsuba Indonesia | CD14: Kawasan Industri MM2100 Jatiwangi Bekasi | CE14: 02 Feb 2024 - 03 Mei 2024 | CF14: B | CK14: 89 | CL14: 83.666667 | CM14: 80 | CN14: 85 | CO14: 83 | CP14: 90 | CQ14: =AVERAGE(G14:L14) -> 83.5 | CR14: =AVERAGE(M14:R14) -> 86.166667 | CS14: =AVERAGE(Y14:AD14) -> 83.333333 | CT14: =AVERAGE(S14:X14) -> 87.166667 | CU14: =AVERAGE(AE14:AJ14) -> 85.5 | CV14: =AVERAGE(AQ14:AR14) -> 82 | CW14: =AVERAGE(AS14:AV14) -> 84.25 | CX14: =AVERAGE(CA14:CB14) -> 87 | CY14: =AVERAGE(BA14:BB14) -> 83.5 | CZ14: =AVERAGE(AY14:AZ14) -> 86 | DA14: =AVERAGE(AW14:AX14) -> 82.5 | DB14: =AVERAGE(BE14:BF14) -> 87.5 | DC14: =AVERAGE(BG14:BH14) -> 76 | DD14: =AVERAGE(BC14:BD14) -> 88 | DE14: =AVERAGE(BI14:BL14) -> 85.25 | DF14: =AVERAGE(BM14:BP14) -> 86.75 | DG14: =AVERAGE(BQ14:BT14) -> 85.5 | DH14: =AVERAGE(BW14:BZ14) -> 87 | DI14: =AVERAGE(BU14:BV14) -> 87 | DJ14: =AVERAGE(AK14:AL14) -> 87 | DK14: =AVERAGE(CQ14:DJ14) -> 85.045833
A15: 14 | B15: ='DATA US'!B28 -> 222310014 | C15: ='DATA US'!F28 -> BEKASI | D15: ='DATA US'!G28 -> 10 April 2007 | E15: ='DATA US'!C28 -> 0072204586 | F15: ='DATA US'!D28 -> M.RHAFLY RAHMAN | G15: 85 | H15: 83 | I15: 85 | J15: 84 | K15: 84 | L15: 85 | M15: 86 | N15: 85 | O15: 84 | P15: 84 | Q15: 85 | R15: 87 | S15: 84 | T15: 84 | U15: 89 | V15: 89 | W15: 89 | X15: 90 | Y15: 76 | Z15: 80 | AA15: 82 | AB15: 83 | AC15: 87 | AD15: 87 | AE15: 82 | AF15: 79 | AG15: 83 | AH15: 81 | AI15: 83 | AJ15: 85 | AK15: 87 | AL15: 87 | AM15: - | AN15: - | AO15: - | AP15: - | AQ15: 86 | AR15: 83 | AS15: 80 | AT15: 81 | AU15: 82 | AV15: 83 | AW15: 78 | AX15: 86 | AY15: 85 | AZ15: 84 | BA15: 82 | BB15: 83 | BC15: 86 | BD15: 88 | BE15: 88 | BF15: 89 | BG15: 75 | BH15: 80 | BI15: 85 | BJ15: 87 | BK15: 84 | BL15: 88 | BM15: 87 | BN15: 86 | BO15: 85 | BP15: 86 | BQ15: 86 | BR15: 86 | BS15: 86 | BT15: 85 | BU15: 83 | BV15: 90 | BW15: 87 | BX15: 87 | BY15: 81 | BZ15: 90 | CA15: 85 | CB15: 86 | CC15: PT Sohou Kikaku Indonesia | CD15: MM2100 Jl. Lombok I, N- 16 Cikarang Barat | CE15: 18 april 2024 -18 Okt 2024 | CF15: B | CK15: 91.666667 | CL15: 85 | CM15: 87 | CN15: 87 | CO15: 83 | CP15: 88.194444 | CQ15: =AVERAGE(G15:L15) -> 84.333333 | CR15: =AVERAGE(M15:R15) -> 85.166667 | CS15: =AVERAGE(Y15:AD15) -> 82.5 | CT15: =AVERAGE(S15:X15) -> 87.5 | CU15: =AVERAGE(AE15:AJ15) -> 82.166667 | CV15: =AVERAGE(AQ15:AR15) -> 84.5 | CW15: =AVERAGE(AS15:AV15) -> 81.5 | CX15: =AVERAGE(CA15:CB15) -> 85.5 | CY15: =AVERAGE(BA15:BB15) -> 82.5 | CZ15: =AVERAGE(AY15:AZ15) -> 84.5 | DA15: =AVERAGE(AW15:AX15) -> 82 | DB15: =AVERAGE(BE15:BF15) -> 88.5 | DC15: =AVERAGE(BG15:BH15) -> 77.5 | DD15: =AVERAGE(BC15:BD15) -> 87 | DE15: =AVERAGE(BI15:BL15) -> 86 | DF15: =AVERAGE(BM15:BP15) -> 86 | DG15: =AVERAGE(BQ15:BT15) -> 85.75 | DH15: =AVERAGE(BW15:BZ15) -> 86.25 | DI15: =AVERAGE(BU15:BV15) -> 86.5 | DJ15: =AVERAGE(AK15:AL15) -> 87 | DK15: =AVERAGE(CQ15:DJ15) -> 84.633333
A16: 15 | B16: ='DATA US'!B29 -> 222310141 | C16: ='DATA US'!F29 -> BEKASI | D16: ='DATA US'!G29 -> 21 Mei 2007 | E16: ='DATA US'!C29 -> 0071036654 | F16: ='DATA US'!D29 -> MARJAYA | G16: 78 | H16: 75 | I16: 79 | J16: 81 | K16: 82 | L16: 83 | M16: 79 | N16: 75 | O16: 78 | P16: 83 | Q16: 82 | R16: 83 | S16: 77 | T16: 76 | U16: 78 | V16: 80 | W16: 80 | X16: 83 | Y16: 75 | Z16: 75 | AA16: 78 | AB16: 79 | AC16: 81 | AD16: 85 | AE16: 88 | AF16: 75 | AG16: 79 | AH16: 82 | AI16: 81 | AJ16: 85 | AK16: 75 | AL16: 75 | AM16: - | AN16: - | AO16: - | AP16: - | AQ16: 79 | AR16: 77 | AS16: 85 | AT16: 80 | AU16: 84 | AV16: 82 | AW16: 86 | AX16: 75 | AY16: 77 | AZ16: 77 | BA16: 77 | BB16: 77 | BC16: 75 | BD16: 75 | BE16: 75 | BF16: 75 | BG16: 75 | BH16: 75 | BI16: 78 | BJ16: 79 | BK16: 83 | BL16: 88 | BM16: 78 | BN16: 79 | BO16: 85 | BP16: 86 | BQ16: 78 | BR16: 80 | BS16: 81 | BT16: 86 | BU16: 80 | BV16: 85 | BW16: 82 | BX16: 83 | BY16: 81 | BZ16: 85 | CA16: 75 | CB16: 75 | CC16: PT. Nusa Keihin Indonesia | CD16: Jl. Selayar II Blok D7 No.1 MM2100 Jatiwangi | CE16: 22 Juli 2024- 29 Okt 2024 | CF16: B | CK16: 90.666667 | CL16: 83.666667 | CM16: 82 | CN16: 80 | CO16: 80.5 | CP16: 84.055556 | CQ16: =AVERAGE(G16:L16) -> 79.666667 | CR16: =AVERAGE(M16:R16) -> 80 | CS16: =AVERAGE(Y16:AD16) -> 78.833333 | CT16: =AVERAGE(S16:X16) -> 79 | CU16: =AVERAGE(AE16:AJ16) -> 81.666667 | CV16: =AVERAGE(AQ16:AR16) -> 78 | CW16: =AVERAGE(AS16:AV16) -> 82.75 | CX16: =AVERAGE(CA16:CB16) -> 75 | CY16: =AVERAGE(BA16:BB16) -> 77 | CZ16: =AVERAGE(AY16:AZ16) -> 77 | DA16: =AVERAGE(AW16:AX16) -> 80.5 | DB16: =AVERAGE(BE16:BF16) -> 75 | DC16: =AVERAGE(BG16:BH16) -> 75 | DD16: =AVERAGE(BC16:BD16) -> 75 | DE16: =AVERAGE(BI16:BL16) -> 82 | DF16: =AVERAGE(BM16:BP16) -> 82 | DG16: =AVERAGE(BQ16:BT16) -> 81.25 | DH16: =AVERAGE(BW16:BZ16) -> 82.75 | DI16: =AVERAGE(BU16:BV16) -> 82.5 | DJ16: =AVERAGE(AK16:AL16) -> 75 | DK16: =AVERAGE(CQ16:DJ16) -> 78.995833
A17: 16 | B17: ='DATA US'!B30 -> 222310015 | C17: ='DATA US'!F30 -> BEKASI | D17: ='DATA US'!G30 -> 25 April 2006 | E17: ='DATA US'!C30 -> 0064639984 | F17: ='DATA US'!D30 -> MARSANDA | G17: 80 | H17: 78 | I17: 79 | J17: 80 | K17: 82 | L17: 83 | M17: 82 | N17: 80 | O17: 78 | P17: 83 | Q17: 81 | R17: 82 | S17: 82 | T17: 80 | U17: 78 | V17: 80 | W17: 80 | X17: 83 | Y17: 75 | Z17: 76 | AA17: 78 | AB17: 79 | AC17: 81 | AD17: 83 | AE17: 78 | AF17: 76 | AG17: 79 | AH17: 82 | AI17: 82 | AJ17: 80 | AK17: 78 | AL17: 75 | AM17: - | AN17: - | AO17: - | AP17: - | AQ17: 83 | AR17: 79 | AS17: 80 | AT17: 83 | AU17: 89 | AV17: 84 | AW17: 76 | AX17: 81 | AY17: 82 | AZ17: 82 | BA17: 82 | BB17: 82 | BC17: 75 | BD17: 77 | BE17: 75 | BF17: 82 | BG17: 76 | BH17: 77 | BI17: 78 | BJ17: 78 | BK17: 83 | BL17: 81 | BM17: 78 | BN17: 79 | BO17: 82 | BP17: 83 | BQ17: 78 | BR17: 80 | BS17: 81 | BT17: 82 | BU17: 81 | BV17: 85 | BW17: 82 | BX17: 83 | BY17: 81 | BZ17: 85 | CA17: 80 | CB17: 82 | CC17: PT. Mitsuba Indonesia | CD17: Kawasan Industri MM2100 Jatiwangi Bekasi | CE17: 14 Agt 2024- 5 Nov 2024 | CF17: B | CK17: 88.333333 | CL17: 82.333333 | CM17: 80 | CN17: 88 | CO17: 80.5 | CP17: 86 | CQ17: =AVERAGE(G17:L17) -> 80.333333 | CR17: =AVERAGE(M17:R17) -> 81 | CS17: =AVERAGE(Y17:AD17) -> 78.666667 | CT17: =AVERAGE(S17:X17) -> 80.5 | CU17: =AVERAGE(AE17:AJ17) -> 79.5 | CV17: =AVERAGE(AQ17:AR17) -> 81 | CW17: =AVERAGE(AS17:AV17) -> 84 | CX17: =AVERAGE(CA17:CB17) -> 81 | CY17: =AVERAGE(BA17:BB17) -> 82 | CZ17: =AVERAGE(AY17:AZ17) -> 82 | DA17: =AVERAGE(AW17:AX17) -> 78.5 | DB17: =AVERAGE(BE17:BF17) -> 78.5 | DC17: =AVERAGE(BG17:BH17) -> 76.5 | DD17: =AVERAGE(BC17:BD17) -> 76 | DE17: =AVERAGE(BI17:BL17) -> 80 | DF17: =AVERAGE(BM17:BP17) -> 80.5 | DG17: =AVERAGE(BQ17:BT17) -> 80.25 | DH17: =AVERAGE(BW17:BZ17) -> 82.75 | DI17: =AVERAGE(BU17:BV17) -> 83 | DJ17: =AVERAGE(AK17:AL17) -> 76.5 | DK17: =AVERAGE(CQ17:DJ17) -> 80.125
A18: 17 | B18: ='DATA US'!B31 -> 222310016 | C18: ='DATA US'!F31 -> TASIK MALAYA | D18: ='DATA US'!G31 -> 5 September 2006 | E18: ='DATA US'!C31 -> 0064164564 | F18: ='DATA US'!D31 -> MUHAMAD FADILAH | G18: 82 | H18: 80 | I18: 79 | J18: 84 | K18: 83 | L18: 84 | M18: 80 | N18: 80 | O18: 79 | P18: 84 | Q18: 82 | R18: 83 | S18: 80 | T18: 79 | U18: 78 | V18: 80 | W18: 80 | X18: 83 | Y18: 75 | Z18: 78 | AA18: 78 | AB18: 79 | AC18: 82 | AD18: 87 | AE18: 75 | AF18: 78 | AG18: 80 | AH18: 81 | AI18: 83 | AJ18: 85 | AK18: 81 | AL18: 77 | AM18: - | AN18: - | AO18: - | AP18: - | AQ18: 81 | AR18: 79 | AS18: 81 | AT18: 83 | AU18: 82 | AV18: 82 | AW18: 77 | AX18: 81 | AY18: 82 | AZ18: 81 | BA18: 81 | BB18: 82 | BC18: 75 | BD18: 78 | BE18: 75 | BF18: 76 | BG18: 75 | BH18: 75 | BI18: 79 | BJ18: 78 | BK18: 84 | BL18: 81 | BM18: 78 | BN18: 79 | BO18: 80 | BP18: 83 | BQ18: 78 | BR18: 81 | BS18: 80 | BT18: 81 | BU18: 81 | BV18: 85 | BW18: 82 | BX18: 83 | BY18: 82 | BZ18: 85 | CA18: 82 | CB18: 85 | CC18: PT. Alcomexindo | CD18: Kp. Mariuk Rt 004 rw 002 Gandamekar Kec.Cikarang Barat | CE18: 20 Juli 2024- 20 Nov 2024 | CF18: B | CK18: 88.333333 | CL18: 83 | CM18: 83 | CN18: 87 | CO18: 80 | CP18: 86.638889 | CQ18: =AVERAGE(G18:L18) -> 82 | CR18: =AVERAGE(M18:R18) -> 81.333333 | CS18: =AVERAGE(Y18:AD18) -> 79.833333 | CT18: =AVERAGE(S18:X18) -> 80 | CU18: =AVERAGE(AE18:AJ18) -> 80.333333 | CV18: =AVERAGE(AQ18:AR18) -> 80 | CW18: =AVERAGE(AS18:AV18) -> 82 | CX18: =AVERAGE(CA18:CB18) -> 83.5 | CY18: =AVERAGE(BA18:BB18) -> 81.5 | CZ18: =AVERAGE(AY18:AZ18) -> 81.5 | DA18: =AVERAGE(AW18:AX18) -> 79 | DB18: =AVERAGE(BE18:BF18) -> 75.5 | DC18: =AVERAGE(BG18:BH18) -> 75 | DD18: =AVERAGE(BC18:BD18) -> 76.5 | DE18: =AVERAGE(BI18:BL18) -> 80.5 | DF18: =AVERAGE(BM18:BP18) -> 80 | DG18: =AVERAGE(BQ18:BT18) -> 80 | DH18: =AVERAGE(BW18:BZ18) -> 83 | DI18: =AVERAGE(BU18:BV18) -> 83 | DJ18: =AVERAGE(AK18:AL18) -> 79 | DK18: =AVERAGE(CQ18:DJ18) -> 80.175
A19: 18 | B19: ='DATA US'!B32 -> 222310017 | C19: ='DATA US'!F32 -> BEKASI | D19: ='DATA US'!G32 -> 1 Mei 2007 | E19: ='DATA US'!C32 -> 0076466900 | F19: ='DATA US'!D32 -> MUHAMAD RIDWAN | G19: 79 | H19: 77 | I19: 78 | J19: 82 | K19: 83 | L19: 84 | M19: 80 | N19: 79 | O19: 78 | P19: 83 | Q19: 81 | R19: 83 | S19: 83 | T19: 76 | U19: 78 | V19: 80 | W19: 80 | X19: 83 | Y19: 75 | Z19: 75 | AA19: 78 | AB19: 79 | AC19: 84 | AD19: 84 | AE19: 79 | AF19: 75 | AG19: 79 | AH19: 81 | AI19: 82 | AJ19: 85 | AK19: 80 | AL19: 75 | AM19: - | AN19: - | AO19: - | AP19: - | AQ19: 81 | AR19: 78 | AS19: 80 | AT19: 82 | AU19: 87 | AV19: 83 | AW19: 77 | AX19: 81 | AY19: 83 | AZ19: 82 | BA19: 83 | BB19: 83 | BC19: 75 | BD19: 81 | BE19: 75 | BF19: 75 | BG19: 75 | BH19: 75 | BI19: 79 | BJ19: 79 | BK19: 83 | BL19: 81 | BM19: 78 | BN19: 79 | BO19: 85 | BP19: 86 | BQ19: 78 | BR19: 80 | BS19: 81 | BT19: 80 | BU19: 81 | BV19: 85 | BW19: 82 | BX19: 83 | BY19: 82 | BZ19: 85 | CA19: 81 | CB19: 81 | CC19: PT. Alcomexindo | CD19: Kp. Mariuk Rt 004 rw 002 Gandamekar Kec.Cikarang Barat | CE19: 20 Juli 2024- 20 Nov 2024 | CF19: B | CK19: 88.333333 | CL19: 82 | CM19: 80 | CN19: 86 | CO19: 80.5 | CP19: 85 | CQ19: =AVERAGE(G19:L19) -> 80.5 | CR19: =AVERAGE(M19:R19) -> 80.666667 | CS19: =AVERAGE(Y19:AD19) -> 79.166667 | CT19: =AVERAGE(S19:X19) -> 80 | CU19: =AVERAGE(AE19:AJ19) -> 80.166667 | CV19: =AVERAGE(AQ19:AR19) -> 79.5 | CW19: =AVERAGE(AS19:AV19) -> 83 | CX19: =AVERAGE(CA19:CB19) -> 81 | CY19: =AVERAGE(BA19:BB19) -> 83 | CZ19: =AVERAGE(AY19:AZ19) -> 82.5 | DA19: =AVERAGE(AW19:AX19) -> 79 | DB19: =AVERAGE(BE19:BF19) -> 75 | DC19: =AVERAGE(BG19:BH19) -> 75 | DD19: =AVERAGE(BC19:BD19) -> 78 | DE19: =AVERAGE(BI19:BL19) -> 80.5 | DF19: =AVERAGE(BM19:BP19) -> 82 | DG19: =AVERAGE(BQ19:BT19) -> 79.75 | DH19: =AVERAGE(BW19:BZ19) -> 83 | DI19: =AVERAGE(BU19:BV19) -> 83 | DJ19: =AVERAGE(AK19:AL19) -> 77.5 | DK19: =AVERAGE(CQ19:DJ19) -> 80.1125
A20: 19 | B20: ='DATA US'!B33 -> 222310018 | C20: ='DATA US'!F33 -> BEKASI | D20: ='DATA US'!G33 -> 13 Mei 2007 | E20: ='DATA US'!C33 -> 0078778308 | F20: ='DATA US'!D33 -> MUHAMMAD DAFFA BADRANI | G20: 81 | H20: 77 | I20: 83 | J20: 82 | K20: 82 | L20: 83 | M20: 79 | N20: 81 | O20: 79 | P20: 83 | Q20: 81 | R20: 84 | S20: 79 | T20: 76 | U20: 78 | V20: 80 | W20: 80 | X20: 83 | Y20: 75 | Z20: 76 | AA20: 78 | AB20: 79 | AC20: 81 | AD20: 86 | AE20: 78 | AF20: 75 | AG20: 79 | AH20: 81 | AI20: 81 | AJ20: 80 | AK20: 80 | AL20: 76 | AM20: - | AN20: - | AO20: - | AP20: - | AQ20: 80 | AR20: 79 | AS20: 80 | AT20: 82 | AU20: 87 | AV20: 83 | AW20: 76 | AX20: 81 | AY20: 82 | AZ20: 81 | BA20: 82 | BB20: 83 | BC20: 88 | BD20: 75 | BE20: 88 | BF20: 81 | BG20: 75 | BH20: 81 | BI20: 78 | BJ20: 80 | BK20: 83 | BL20: 80 | BM20: 78 | BN20: 80 | BO20: 87 | BP20: 88 | BQ20: 78 | BR20: 83 | BS20: 80 | BT20: 80 | BU20: 84 | BV20: 85 | BW20: 82 | BX20: 83 | BY20: 81 | BZ20: 85 | CA20: 80 | CB20: 82 | CC20: PT King Plastic | CD20: Kawasan Industri MM2100 Jatiwangi Bekasi | CE20: 20 Agt 2024 - 20 Nov 2024 | CF20: B | CK20: 90 | CL20: 83.666667 | CM20: 81 | CN20: 87 | CO20: 82.25 | CP20: 89.194444 | CQ20: =AVERAGE(G20:L20) -> 81.333333 | CR20: =AVERAGE(M20:R20) -> 81.166667 | CS20: =AVERAGE(Y20:AD20) -> 79.166667 | CT20: =AVERAGE(S20:X20) -> 79.333333 | CU20: =AVERAGE(AE20:AJ20) -> 79 | CV20: =AVERAGE(AQ20:AR20) -> 79.5 | CW20: =AVERAGE(AS20:AV20) -> 83 | CX20: =AVERAGE(CA20:CB20) -> 81 | CY20: =AVERAGE(BA20:BB20) -> 82.5 | CZ20: =AVERAGE(AY20:AZ20) -> 81.5 | DA20: =AVERAGE(AW20:AX20) -> 78.5 | DB20: =AVERAGE(BE20:BF20) -> 84.5 | DC20: =AVERAGE(BG20:BH20) -> 78 | DD20: =AVERAGE(BC20:BD20) -> 81.5 | DE20: =AVERAGE(BI20:BL20) -> 80.25 | DF20: =AVERAGE(BM20:BP20) -> 83.25 | DG20: =AVERAGE(BQ20:BT20) -> 80.25 | DH20: =AVERAGE(BW20:BZ20) -> 82.75 | DI20: =AVERAGE(BU20:BV20) -> 84.5 | DJ20: =AVERAGE(AK20:AL20) -> 78 | DK20: =AVERAGE(CQ20:DJ20) -> 80.95
A21: 20 | B21: ='DATA US'!B34 -> 222310019 | C21: ='DATA US'!F34 -> BEKASI | D21: ='DATA US'!G34 -> 17 Desember 2006 | E21: ='DATA US'!C34 -> 0062690739 | F21: ='DATA US'!D34 -> MUHAMMAD HAFIZ | G21: 84 | H21: 85 | I21: 86 | J21: 86 | K21: 85 | L21: 86 | M21: 87 | N21: 87 | O21: 83 | P21: 86 | Q21: 85 | R21: 87 | S21: 80 | T21: 85 | U21: 82 | V21: 89 | W21: 86 | X21: 90 | Y21: 75 | Z21: 87 | AA21: 84 | AB21: 85 | AC21: 88 | AD21: 84 | AE21: 80 | AF21: 84 | AG21: 85 | AH21: 87 | AI21: 87 | AJ21: 90 | AK21: 88 | AL21: 89 | AM21: - | AN21: - | AO21: - | AP21: - | AQ21: 84 | AR21: 84 | AS21: 80 | AT21: 82 | AU21: 87 | AV21: 85 | AW21: 80 | AX21: 83 | AY21: 85 | AZ21: 85 | BA21: 84 | BB21: 85 | BC21: 87 | BD21: 90 | BE21: 85 | BF21: 89 | BG21: 76 | BH21: 82 | BI21: 85 | BJ21: 88 | BK21: 84 | BL21: 81 | BM21: 88 | BN21: 86 | BO21: 87 | BP21: 88 | BQ21: 82 | BR21: 89 | BS21: 88 | BT21: 82 | BU21: 86 | BV21: 90 | BW21: 88 | BX21: 88 | BY21: 81 | BZ21: 90 | CA21: 86 | CB21: 89 | CC21: PT. Dae In Tech Indonesia | CD21: Jl. Irian XII Blok NN No. 6 Jatiwangi Cikarang Barat Bekasi | CE21: 22 Juni 2023 -22 Sept 2023 | CF21: A | CG21: PT. Sekiso Indonesia | CH21: Kws. Industri MM2100 Kec.Cikarang Barat | CI21: 24 Juni 2024 - 27 Sept 2024 | CJ21: A | CK21: 92.333333 | CL21: 87 | CM21: 90 | CN21: 87 | CO21: 82.75 | CP21: 89.75 | CQ21: =AVERAGE(G21:L21) -> 85.333333 | CR21: =AVERAGE(M21:R21) -> 85.833333 | CS21: =AVERAGE(Y21:AD21) -> 83.833333 | CT21: =AVERAGE(S21:X21) -> 85.333333 | CU21: =AVERAGE(AE21:AJ21) -> 85.5 | CV21: =AVERAGE(AQ21:AR21) -> 84 | CW21: =AVERAGE(AS21:AV21) -> 83.5 | CX21: =AVERAGE(CA21:CB21) -> 87.5 | CY21: =AVERAGE(BA21:BB21) -> 84.5 | CZ21: =AVERAGE(AY21:AZ21) -> 85 | DA21: =AVERAGE(AW21:AX21) -> 81.5 | DB21: =AVERAGE(BE21:BF21) -> 87 | DC21: =AVERAGE(BG21:BH21) -> 79 | DD21: =AVERAGE(BC21:BD21) -> 88.5 | DE21: =AVERAGE(BI21:BL21) -> 84.5 | DF21: =AVERAGE(BM21:BP21) -> 87.25 | DG21: =AVERAGE(BQ21:BT21) -> 85.25 | DH21: =AVERAGE(BW21:BZ21) -> 86.75 | DI21: =AVERAGE(BU21:BV21) -> 88 | DJ21: =AVERAGE(AK21:AL21) -> 88.5 | DK21: =AVERAGE(CQ21:DJ21) -> 85.329167
A22: 21 | B22: ='DATA US'!B35 -> 222310020 | C22: ='DATA US'!F35 -> BEKASI | D22: ='DATA US'!G35 -> 16 Januari 2007 | E22: ='DATA US'!C35 -> 0073389680 | F22: ='DATA US'!D35 -> MUHAMMAD NUR | G22: 83 | H22: 84 | I22: 82 | J22: 85 | K22: 84 | L22: 86 | M22: 84 | N22: 87 | O22: 85 | P22: 86 | Q22: 86 | R22: 89 | S22: 80 | T22: 85 | U22: 90 | V22: 90 | W22: 91 | X22: 91 | Y22: 76 | Z22: 87 | AA22: 86 | AB22: 86 | AC22: 88 | AD22: 91 | AE22: 78 | AF22: 85 | AG22: 86 | AH22: 88 | AI22: 87 | AJ22: 95 | AK22: 86 | AL22: 88 | AM22: - | AN22: - | AO22: - | AP22: - | AQ22: 84 | AR22: 83 | AS22: 80 | AT22: 82 | AU22: 88 | AV22: 83 | AW22: 81 | AX22: 85 | AY22: 84 | AZ22: 85 | BA22: 83 | BB22: 85 | BC22: 85 | BD22: 91 | BE22: 84 | BF22: 89 | BG22: 76 | BH22: 83 | BI22: 85 | BJ22: 86 | BK22: 83 | BL22: 88 | BM22: 88 | BN22: 86 | BO22: 89 | BP22: 90 | BQ22: 86 | BR22: 89 | BS22: 88 | BT22: 88 | BU22: 81 | BV22: 90 | BW22: 88 | BX22: 88 | BY22: 81 | BZ22: 90 | CA22: 84 | CB22: 89 | CC22: PT. King Plastic | CD22: Kawasan Industri MM2100 Jatiwangi Bekasi | CE22: 20 Agt 2024 - 20 Nov 2024 | CF22: A | CG22: PT. Mitsuba Indonesia | CH22: Kawasan Industri MM2100 Jatiwangi Bekasi | CI22: 3 Nov 2024 - 1 Feb 2024 | CJ22: A | CK22: 92.333333 | CL22: 86.333333 | CM22: 97 | CN22: 87 | CO22: 83.25 | CP22: 90.138889 | CQ22: =AVERAGE(G22:L22) -> 84 | CR22: =AVERAGE(M22:R22) -> 86.166667 | CS22: =AVERAGE(Y22:AD22) -> 85.666667 | CT22: =AVERAGE(S22:X22) -> 87.833333 | CU22: =AVERAGE(AE22:AJ22) -> 86.5 | CV22: =AVERAGE(AQ22:AR22) -> 83.5 | CW22: =AVERAGE(AS22:AV22) -> 83.25 | CX22: =AVERAGE(CA22:CB22) -> 86.5 | CY22: =AVERAGE(BA22:BB22) -> 84 | CZ22: =AVERAGE(AY22:AZ22) -> 84.5 | DA22: =AVERAGE(AW22:AX22) -> 83 | DB22: =AVERAGE(BE22:BF22) -> 86.5 | DC22: =AVERAGE(BG22:BH22) -> 79.5 | DD22: =AVERAGE(BC22:BD22) -> 88 | DE22: =AVERAGE(BI22:BL22) -> 85.5 | DF22: =AVERAGE(BM22:BP22) -> 88.25 | DG22: =AVERAGE(BQ22:BT22) -> 87.75 | DH22: =AVERAGE(BW22:BZ22) -> 86.75 | DI22: =AVERAGE(BU22:BV22) -> 85.5 | DJ22: =AVERAGE(AK22:AL22) -> 87 | DK22: =AVERAGE(CQ22:DJ22) -> 85.483333
A23: 22 | B23: ='DATA US'!B36 -> 222310021 | C23: ='DATA US'!F36 -> BEKASI | D23: ='DATA US'!G36 -> 1 April 2007 | E23: ='DATA US'!C36 -> 0078597234 | F23: ='DATA US'!D36 -> MUHAMMAD REIFAN | G23: 81 | H23: 76 | I23: 83 | J23: 83 | K23: 83 | L23: 82 | M23: 81 | N23: 80 | O23: 80 | P23: 83 | Q23: 83 | R23: 84 | S23: 84 | T23: 83 | U23: 90 | V23: 90 | W23: 90 | X23: 90 | Y23: 75 | Z23: 75 | AA23: 78 | AB23: 81 | AC23: 84 | AD23: 88 | AE23: 77 | AF23: 78 | AG23: 83 | AH23: 82 | AI23: 82 | AJ23: 88 | AK23: 82 | AL23: 75 | AM23: - | AN23: - | AO23: - | AP23: - | AQ23: 81 | AR23: 78 | AS23: 80 | AT23: 82 | AU23: 88 | AV23: 84 | AW23: 77 | AX23: 83 | AY23: 83 | AZ23: 82 | BA23: 82 | BB23: 82 | BC23: 78 | BD23: 75 | BE23: 75 | BF23: 78 | BG23: 75 | BH23: 76 | BI23: 79 | BJ23: 80 | BK23: 84 | BL23: 88 | BM23: 88 | BN23: 85 | BO23: 88 | BP23: 89 | BQ23: 82 | BR23: 85 | BS23: 82 | BT23: 88 | BU23: 84 | BV23: 88 | BW23: 85 | BX23: 86 | BY23: 82 | BZ23: 88 | CA23: 80 | CB23: 81 | CC23: PT. Alcomexindo | CD23: Kp. Mariuk Rt 004 rw 002 Gandamekar Kec.Cikarang Barat | CE23: 7 Mei 2024 - 7 Nov 2024 | CF23: B | CK23: 90.333333 | CL23: 82 | CM23: 80 | CN23: 86 | CO23: 82.25 | CP23: 86.916667 | CQ23: =AVERAGE(G23:L23) -> 81.333333 | CR23: =AVERAGE(M23:R23) -> 81.833333 | CS23: =AVERAGE(Y23:AD23) -> 80.166667 | CT23: =AVERAGE(S23:X23) -> 87.833333 | CU23: =AVERAGE(AE23:AJ23) -> 81.666667 | CV23: =AVERAGE(AQ23:AR23) -> 79.5 | CW23: =AVERAGE(AS23:AV23) -> 83.5 | CX23: =AVERAGE(CA23:CB23) -> 80.5 | CY23: =AVERAGE(BA23:BB23) -> 82 | CZ23: =AVERAGE(AY23:AZ23) -> 82.5 | DA23: =AVERAGE(AW23:AX23) -> 80 | DB23: =AVERAGE(BE23:BF23) -> 76.5 | DC23: =AVERAGE(BG23:BH23) -> 75.5 | DD23: =AVERAGE(BC23:BD23) -> 76.5 | DE23: =AVERAGE(BI23:BL23) -> 82.75 | DF23: =AVERAGE(BM23:BP23) -> 87.5 | DG23: =AVERAGE(BQ23:BT23) -> 84.25 | DH23: =AVERAGE(BW23:BZ23) -> 85.25 | DI23: =AVERAGE(BU23:BV23) -> 86 | DJ23: =AVERAGE(AK23:AL23) -> 78.5 | DK23: =AVERAGE(CQ23:DJ23) -> 81.679167
A24: 23 | B24: ='DATA US'!B37 -> 222310022 | C24: ='DATA US'!F37 -> BEKASI | D24: ='DATA US'!G37 -> 2 Januari 2007 | E24: ='DATA US'!C37 -> 0072510220 | F24: ='DATA US'!D37 -> MUHAMMAD SATRIA ZAINAL | G24: 81 | H24: 81 | I24: 86 | J24: 84 | K24: 84 | L24: 85 | M24: 86 | N24: 85 | O24: 85 | P24: 85 | Q24: 85 | R24: 86 | S24: 80 | T24: 84 | U24: 90 | V24: 90 | W24: 90 | X24: 90 | Y24: 75 | Z24: 84 | AA24: 79 | AB24: 81 | AC24: 85 | AD24: 84 | AE24: 78 | AF24: 78 | AG24: 83 | AH24: 81 | AI24: 82 | AJ24: 85 | AK24: 85 | AL24: 85 | AM24: - | AN24: - | AO24: - | AP24: - | AQ24: 83 | AR24: 82 | AS24: 80 | AT24: 81 | AU24: 85 | AV24: 85 | AW24: 77 | AX24: 83 | AY24: 84 | AZ24: 84 | BA24: 83 | BB24: 84 | BC24: 86 | BD24: 88 | BE24: 87 | BF24: 89 | BG24: 75 | BH24: 80 | BI24: 84 | BJ24: 87 | BK24: 83 | BL24: 85 | BM24: 86 | BN24: 85 | BO24: 88 | BP24: 89 | BQ24: 83 | BR24: 87 | BS24: 88 | BT24: 83 | BU24: 85 | BV24: 90 | BW24: 87 | BX24: 88 | BY24: 81 | BZ24: 90 | CA24: 85 | CB24: 87 | CC24: PT. Sohou Kikaku Indonesia | CD24: MM2100 Jl. Lombok I, N- 16 Cikarang Barat | CE24: 18 april 2024 -18 Okt 2024 | CF24: B | CK24: 90.666667 | CL24: 84 | CM24: 80 | CN24: 86 | CO24: 83 | CP24: 88.5 | CQ24: =AVERAGE(G24:L24) -> 83.5 | CR24: =AVERAGE(M24:R24) -> 85.333333 | CS24: =AVERAGE(Y24:AD24) -> 81.333333 | CT24: =AVERAGE(S24:X24) -> 87.333333 | CU24: =AVERAGE(AE24:AJ24) -> 81.166667 | CV24: =AVERAGE(AQ24:AR24) -> 82.5 | CW24: =AVERAGE(AS24:AV24) -> 82.75 | CX24: =AVERAGE(CA24:CB24) -> 86 | CY24: =AVERAGE(BA24:BB24) -> 83.5 | CZ24: =AVERAGE(AY24:AZ24) -> 84 | DA24: =AVERAGE(AW24:AX24) -> 80 | DB24: =AVERAGE(BE24:BF24) -> 88 | DC24: =AVERAGE(BG24:BH24) -> 77.5 | DD24: =AVERAGE(BC24:BD24) -> 87 | DE24: =AVERAGE(BI24:BL24) -> 84.75 | DF24: =AVERAGE(BM24:BP24) -> 87 | DG24: =AVERAGE(BQ24:BT24) -> 85.25 | DH24: =AVERAGE(BW24:BZ24) -> 86.5 | DI24: =AVERAGE(BU24:BV24) -> 87.5 | DJ24: =AVERAGE(AK24:AL24) -> 85 | DK24: =AVERAGE(CQ24:DJ24) -> 84.295833
A25: 24 | B25: ='DATA US'!B38 -> 222310023 | C25: ='DATA US'!F38 -> BEKASI | D25: ='DATA US'!G38 -> 5 Agustus 2007 | E25: ='DATA US'!C38 -> 0078400677 | F25: ='DATA US'!D38 -> NAUFAL ASAD | G25: 84 | H25: 86 | I25: 82 | J25: 86 | K25: 85 | L25: 87 | M25: 87 | N25: 85 | O25: 85 | P25: 86 | Q25: 85 | R25: 87 | S25: 78 | T25: 83 | U25: 90 | V25: 90 | W25: 90 | X25: 90 | Y25: 77 | Z25: 83 | AA25: 82 | AB25: 83 | AC25: 84 | AD25: 84 | AE25: 81 | AF25: 82 | AG25: 82 | AH25: 84 | AI25: 87 | AJ25: 90 | AK25: 87 | AL25: 90 | AM25: - | AN25: - | AO25: - | AP25: - | AQ25: 83 | AR25: 84 | AS25: 80 | AT25: 82 | AU25: 88 | AV25: 83 | AW25: 79 | AX25: 85 | AY25: 85 | AZ25: 84 | BA25: 85 | BB25: 86 | BC25: 75 | BD25: 89 | BE25: 75 | BF25: 90 | BG25: 75 | BH25: 81 | BI25: 82 | BJ25: 84 | BK25: 83 | BL25: 87 | BM25: 84 | BN25: 86 | BO25: 89 | BP25: 90 | BQ25: 85 | BR25: 85 | BS25: 88 | BT25: 87 | BU25: 83 | BV25: 90 | BW25: 87 | BX25: 88 | BY25: 82 | BZ25: 90 | CA25: 85 | CB25: 87 | CC25: PT. SBP Indonesia | CD25: Kawasan Industri MM2100 Jatiwangi Bekasi | CE25: 13 Nov 2023 - 29 Feb 2024 | CF25: A | CG25: PT Daido Metal Indonesia | CH25: Kws. Industri MM2100 Kec.Cikarang Barat | CI25: 01 Juli 2024 -27 Sept 2024 | CJ25: A | CK25: 91.333333 | CL25: 88.333333 | CM25: 90 | CN25: 87 | CO25: 83 | CP25: 85.777778 | CQ25: =AVERAGE(G25:L25) -> 85 | CR25: =AVERAGE(M25:R25) -> 85.833333 | CS25: =AVERAGE(Y25:AD25) -> 82.166667 | CT25: =AVERAGE(S25:X25) -> 86.833333 | CU25: =AVERAGE(AE25:AJ25) -> 84.333333 | CV25: =AVERAGE(AQ25:AR25) -> 83.5 | CW25: =AVERAGE(AS25:AV25) -> 83.25 | CX25: =AVERAGE(CA25:CB25) -> 86 | CY25: =AVERAGE(BA25:BB25) -> 85.5 | CZ25: =AVERAGE(AY25:AZ25) -> 84.5 | DA25: =AVERAGE(AW25:AX25) -> 82 | DB25: =AVERAGE(BE25:BF25) -> 82.5 | DC25: =AVERAGE(BG25:BH25) -> 78 | DD25: =AVERAGE(BC25:BD25) -> 82 | DE25: =AVERAGE(BI25:BL25) -> 84 | DF25: =AVERAGE(BM25:BP25) -> 87.25 | DG25: =AVERAGE(BQ25:BT25) -> 86.25 | DH25: =AVERAGE(BW25:BZ25) -> 86.75 | DI25: =AVERAGE(BU25:BV25) -> 86.5 | DJ25: =AVERAGE(AK25:AL25) -> 88.5 | DK25: =AVERAGE(CQ25:DJ25) -> 84.533333
A26: 25 | B26: ='DATA US'!B39 -> 222310147 | C26: ='DATA US'!F39 -> BEKASI | D26: ='DATA US'!G39 -> 23 Agustus 2006 | E26: ='DATA US'!C39 -> 0061172472 | F26: ='DATA US'!D39 -> PAHRUDIN HIDAYAT | G26: 76 | H26: 77 | I26: 84 | J26: 81 | K26: 83 | L26: 83 | M26: 76 | N26: 77 | O26: 78 | P26: 83 | Q26: 81 | R26: 83 | S26: 76 | T26: 77 | U26: 78 | V26: 80 | W26: 80 | X26: 83 | Y26: 76 | Z26: 77 | AA26: 78 | AB26: 79 | AC26: 88 | AD26: 83 | AE26: 76 | AF26: 77 | AG26: 80 | AH26: 82 | AI26: 82 | AJ26: 82 | AK26: 76 | AL26: 77 | AM26: - | AN26: - | AO26: - | AP26: - | AQ26: 76 | AR26: 77 | AS26: 77 | AT26: 80 | AU26: 85 | AV26: 84 | AW26: 76 | AX26: 77 | AY26: 75 | AZ26: 76 | BA26: 75 | BB26: 76 | BC26: 75 | BD26: 76 | BE26: 75 | BF26: 76 | BG26: 75 | BH26: 76 | BI26: 78 | BJ26: 78 | BK26: 83 | BL26: 88 | BM26: 84 | BN26: 79 | BO26: 87 | BP26: 88 | BQ26: 78 | BR26: 81 | BS26: 84 | BT26: 88 | BU26: 80 | BV26: 86 | BW26: 83 | BX26: 84 | BY26: 81 | BZ26: 86 | CA26: 77 | CB26: 81 | CC26: Workshop TBSM SMK Bina Industri | CD26: Jl. Alun-Alun 01 Kp. Cibarengkok RT.004/002Ds.Jatiwangi | CE26: 01 Sept- 30 Okto 2024 | CF26: B | CK26: 87.666667 | CL26: 81.333333 | CM26: 81 | CN26: 85 | CO26: 82 | CP26: 86.944444 | CQ26: =AVERAGE(G26:L26) -> 80.666667 | CR26: =AVERAGE(M26:R26) -> 79.666667 | CS26: =AVERAGE(Y26:AD26) -> 80.166667 | CT26: =AVERAGE(S26:X26) -> 79 | CU26: =AVERAGE(AE26:AJ26) -> 79.833333 | CV26: =AVERAGE(AQ26:AR26) -> 76.5 | CW26: =AVERAGE(AS26:AV26) -> 81.5 | CX26: =AVERAGE(CA26:CB26) -> 79 | CY26: =AVERAGE(BA26:BB26) -> 75.5 | CZ26: =AVERAGE(AY26:AZ26) -> 75.5 | DA26: =AVERAGE(AW26:AX26) -> 76.5 | DB26: =AVERAGE(BE26:BF26) -> 75.5 | DC26: =AVERAGE(BG26:BH26) -> 75.5 | DD26: =AVERAGE(BC26:BD26) -> 75.5 | DE26: =AVERAGE(BI26:BL26) -> 81.75 | DF26: =AVERAGE(BM26:BP26) -> 84.5 | DG26: =AVERAGE(BQ26:BT26) -> 82.75 | DH26: =AVERAGE(BW26:BZ26) -> 83.5 | DI26: =AVERAGE(BU26:BV26) -> 83 | DJ26: =AVERAGE(AK26:AL26) -> 76.5 | DK26: =AVERAGE(CQ26:DJ26) -> 79.116667
A27: 26 | B27: ='DATA US'!B40 -> 222310024 | C27: ='DATA US'!F40 -> BEKASI | D27: ='DATA US'!G40 -> 5 Maret 2007 | E27: ='DATA US'!C40 -> 0071750896 | F27: ='DATA US'!D40 -> RAFA ARDIANSYAH | G27: 76 | H27: 77 | I27: 80 | J27: 81 | K27: 82 | L27: 83 | M27: 76 | N27: 78 | O27: 78 | P27: 81 | Q27: 81 | R27: 83 | S27: 78 | T27: 76 | U27: 78 | V27: 80 | W27: 80 | X27: 83 | Y27: 75 | Z27: 79 | AA27: 78 | AB27: 79 | AC27: 81 | AD27: 85 | AE27: 75 | AF27: 75 | AG27: 79 | AH27: 79 | AI27: 83 | AJ27: 85 | AK27: 80 | AL27: 77 | AM27: - | AN27: - | AO27: - | AP27: - | AQ27: 80 | AR27: 76 | AS27: 77 | AT27: 83 | AU27: 84 | AV27: 81 | AW27: 78 | AX27: 80 | AY27: 80 | AZ27: 80 | BA27: 81 | BB27: 82 | BC27: 75 | BD27: 75 | BE27: 75 | BF27: 77 | BG27: 75 | BH27: 75 | BI27: 78 | BJ27: 79 | BK27: 84 | BL27: 84 | BM27: 78 | BN27: 79 | BO27: 85 | BP27: 86 | BQ27: 78 | BR27: 86 | BS27: 85 | BT27: 84 | BU27: 80 | BV27: 85 | BW27: 83 | BX27: 83 | BY27: 81 | BZ27: 85 | CA27: 77 | CB27: 81 | CC27: Workshop TBSM SMK Bina Industri | CD27: Jl. Alun-Alun 01 Kp. Cibarengkok RT.004/002Ds.Jatiwangi | CE27: 01 Sept- 30 Okto 2024 | CF27: B | CK27: 90 | CL27: 82.666667 | CM27: 80 | CN27: 80 | CO27: 80.5 | CP27: 84.944444 | CQ27: =AVERAGE(G27:L27) -> 79.833333 | CR27: =AVERAGE(M27:R27) -> 79.5 | CS27: =AVERAGE(Y27:AD27) -> 79.5 | CT27: =AVERAGE(S27:X27) -> 79.166667 | CU27: =AVERAGE(AE27:AJ27) -> 79.333333 | CV27: =AVERAGE(AQ27:AR27) -> 78 | CW27: =AVERAGE(AS27:AV27) -> 81.25 | CX27: =AVERAGE(CA27:CB27) -> 79 | CY27: =AVERAGE(BA27:BB27) -> 81.5 | CZ27: =AVERAGE(AY27:AZ27) -> 80 | DA27: =AVERAGE(AW27:AX27) -> 79 | DB27: =AVERAGE(BE27:BF27) -> 76 | DC27: =AVERAGE(BG27:BH27) -> 75 | DD27: =AVERAGE(BC27:BD27) -> 75 | DE27: =AVERAGE(BI27:BL27) -> 81.25 | DF27: =AVERAGE(BM27:BP27) -> 82 | DG27: =AVERAGE(BQ27:BT27) -> 83.25 | DH27: =AVERAGE(BW27:BZ27) -> 83 | DI27: =AVERAGE(BU27:BV27) -> 82.5 | DJ27: =AVERAGE(AK27:AL27) -> 78.5 | DK27: =AVERAGE(CQ27:DJ27) -> 79.629167
A28: 27 | B28: ='DATA US'!B41 -> 222310025 | C28: ='DATA US'!F41 -> SRAGEN | D28: ='DATA US'!G41 -> 02 Mei 2007 | E28: ='DATA US'!C41 -> 0064628744 | F28: ='DATA US'!D41 -> ROY TANSRI ARTAMA | G28: 75 | H28: 76 | I28: 83 | J28: 82 | K28: 84 | L28: 85 | M28: 76 | N28: 78 | O28: 80 | P28: 82 | Q28: 81 | R28: 84 | S28: 78 | T28: 76 | U28: 83 | V28: 85 | W28: 88 | X28: 88 | Y28: 75 | Z28: 75 | AA28: 78 | AB28: 79 | AC28: 82 | AD28: 81 | AE28: 75 | AF28: 66 | AG28: 79 | AH28: 81 | AI28: 82 | AJ28: 85 | AK28: 77 | AL28: 75 | AM28: - | AN28: - | AO28: - | AP28: - | AQ28: 79 | AR28: 76 | AS28: 77 | AT28: 82 | AU28: 84 | AV28: 82 | AW28: 76 | AX28: 80 | AY28: 81 | AZ28: 81 | BA28: 82 | BB28: 82 | BC28: 80 | BD28: 77 | BE28: 75 | BF28: 76 | BG28: 75 | BH28: 75 | BI28: 78 | BJ28: 79 | BK28: 83 | BL28: 83 | BM28: 81 | BN28: 86 | BO28: 89 | BP28: 90 | BQ28: 78 | BR28: 84 | BS28: 84 | BT28: 82 | BU28: 89 | BV28: 86 | BW28: 83 | BX28: 84 | BY28: 84 | BZ28: 86 | CA28: 76 | CB28: 80 | CC28: PT. Alcomexindo | CD28: Kp. Mariuk Rt 004 rw 002 Gandamekar Kec.Cikarang Barat | CE28: 07 Feb 2024 - 07 Agt 2024 | CF28: B | CK28: 90 | CL28: 83 | CM28: 81 | CN28: 86 | CO28: 82.25 | CP28: 84.833333 | CQ28: =AVERAGE(G28:L28) -> 80.833333 | CR28: =AVERAGE(M28:R28) -> 80.166667 | CS28: =AVERAGE(Y28:AD28) -> 78.333333 | CT28: =AVERAGE(S28:X28) -> 83 | CU28: =AVERAGE(AE28:AJ28) -> 78 | CV28: =AVERAGE(AQ28:AR28) -> 77.5 | CW28: =AVERAGE(AS28:AV28) -> 81.25 | CX28: =AVERAGE(CA28:CB28) -> 78 | CY28: =AVERAGE(BA28:BB28) -> 82 | CZ28: =AVERAGE(AY28:AZ28) -> 81 | DA28: =AVERAGE(AW28:AX28) -> 78 | DB28: =AVERAGE(BE28:BF28) -> 75.5 | DC28: =AVERAGE(BG28:BH28) -> 75 | DD28: =AVERAGE(BC28:BD28) -> 78.5 | DE28: =AVERAGE(BI28:BL28) -> 80.75 | DF28: =AVERAGE(BM28:BP28) -> 86.5 | DG28: =AVERAGE(BQ28:BT28) -> 82 | DH28: =AVERAGE(BW28:BZ28) -> 84.25 | DI28: =AVERAGE(BU28:BV28) -> 87.5 | DJ28: =AVERAGE(AK28:AL28) -> 76 | DK28: =AVERAGE(CQ28:DJ28) -> 80.204167
A29: 28 | B29: ='DATA US'!B42 -> 222310026 | C29: ='DATA US'!F42 -> TANGGERANG | D29: ='DATA US'!G42 -> 23 Januari 2007 | E29: ='DATA US'!C42 -> 0071829562 | F29: ='DATA US'!D42 -> SATRYO PASHA RAMANDA | G29: 83 | H29: 79 | I29: 85 | J29: 83 | K29: 84 | L29: 85 | M29: 79 | N29: 84 | O29: 83 | P29: 84 | Q29: 83 | R29: 86 | S29: 84 | T29: 83 | U29: 90 | V29: 90 | W29: 90 | X29: 90 | Y29: 75 | Z29: 75 | AA29: 78 | AB29: 84 | AC29: 82 | AD29: 87 | AE29: 81 | AF29: 77 | AG29: 83 | AH29: 82 | AI29: 82 | AJ29: 85 | AK29: 85 | AL29: 85 | AM29: - | AN29: - | AO29: - | AP29: - | AQ29: 81 | AR29: 80 | AS29: 80 | AT29: 82 | AU29: 85 | AV29: 84 | AW29: 78 | AX29: 85 | AY29: 84 | AZ29: 84 | BA29: 83 | BB29: 84 | BC29: 89 | BD29: 80 | BE29: 81 | BF29: 81 | BG29: 75 | BH29: 75 | BI29: 79 | BJ29: 82 | BK29: 84 | BL29: 82 | BM29: 83 | BN29: 85 | BO29: 88 | BP29: 89 | BQ29: 82 | BR29: 86 | BS29: 83 | BT29: 83 | BU29: 87 | BV29: 88 | BW29: 86 | BX29: 86 | BY29: 81 | BZ29: 88 | CA29: 84 | CB29: 85 | CC29: PT. King Plastic | CD29: Kawasan Industri MM2100 Jatiwangi Bekasi | CE29: 20 Agustus - 20 Nov 2024 | CF29: A | CG29: PT. Mitsuba Indonesia | CH29: Kawasan Industri MM2100 Jatiwangi Bekasi | CI29: 6 Mei 2024 - 2 agustus 2024 | CJ29: A | CK29: 91.333333 | CL29: 84 | CM29: 87 | CN29: 81 | CO29: 82 | CP29: 87.222222 | CQ29: =AVERAGE(G29:L29) -> 83.166667 | CR29: =AVERAGE(M29:R29) -> 83.166667 | CS29: =AVERAGE(Y29:AD29) -> 80.166667 | CT29: =AVERAGE(S29:X29) -> 87.833333 | CU29: =AVERAGE(AE29:AJ29) -> 81.666667 | CV29: =AVERAGE(AQ29:AR29) -> 80.5 | CW29: =AVERAGE(AS29:AV29) -> 82.75 | CX29: =AVERAGE(CA29:CB29) -> 84.5 | CY29: =AVERAGE(BA29:BB29) -> 83.5 | CZ29: =AVERAGE(AY29:AZ29) -> 84 | DA29: =AVERAGE(AW29:AX29) -> 81.5 | DB29: =AVERAGE(BE29:BF29) -> 81 | DC29: =AVERAGE(BG29:BH29) -> 75 | DD29: =AVERAGE(BC29:BD29) -> 84.5 | DE29: =AVERAGE(BI29:BL29) -> 81.75 | DF29: =AVERAGE(BM29:BP29) -> 86.25 | DG29: =AVERAGE(BQ29:BT29) -> 83.5 | DH29: =AVERAGE(BW29:BZ29) -> 85.25 | DI29: =AVERAGE(BU29:BV29) -> 87.5 | DJ29: =AVERAGE(AK29:AL29) -> 85 | DK29: =AVERAGE(CQ29:DJ29) -> 83.125
A30: 29 | B30: ='DATA US'!B43 -> 222310027 | C30: ='DATA US'!F43 -> BEKASI | D30: ='DATA US'!G43 -> 16 Januari 2007 | E30: ='DATA US'!C43 -> 0078911090 | F30: ='DATA US'!D43 -> SOBRIYANTO | G30: 85 | H30: 85 | I30: 82 | J30: 87 | K30: 85 | L30: 86 | M30: 87 | N30: 88 | O30: 85 | P30: 84 | Q30: 85 | R30: 90 | S30: 81 | T30: 84 | U30: 90 | V30: 90 | W30: 90 | X30: 90 | Y30: 75 | Z30: 75 | AA30: 84 | AB30: 82 | AC30: 86 | AD30: 86 | AE30: 79 | AF30: 78 | AG30: 86 | AH30: 81 | AI30: 90 | AJ30: 90 | AK30: 88 | AL30: 89 | AP30: - | AQ30: 83 | AR30: 83 | AS30: 80 | AT30: 82 | AU30: 88 | AV30: 84 | AW30: 81 | AX30: 87 | AY30: 86 | AZ30: 86 | BA30: 85 | BB30: 85 | BC30: 86 | BD30: 91 | BE30: 88 | BF30: 92 | BG30: 76 | BH30: 77 | BI30: 85 | BJ30: 86 | BK30: 84 | BL30: 86 | BM30: 85 | BN30: 86 | BO30: 89 | BP30: 90 | BQ30: 86 | BR30: 88 | BS30: 88 | BT30: 83 | BU30: 83 | BV30: 90 | BW30: 88 | BX30: 88 | BY30: 86 | BZ30: 90 | CA30: 87 | CB30: 88 | CC30: PT. Mitsuba Indonesia | CD30: Kawasan Industri MM2100 Jatiwangi Bekasi | CE30: 1 Feb 2024 - 1 Mei 2024 | CF30: B | CK30: 90.666667 | CL30: 85 | CM30: 93 | CN30: 83 | CO30: 83.25 | CP30: 89 | CQ30: =AVERAGE(G30:L30) -> 85 | CR30: =AVERAGE(M30:R30) -> 86.5 | CS30: =AVERAGE(Y30:AD30) -> 81.333333 | CT30: =AVERAGE(S30:X30) -> 87.5 | CU30: =AVERAGE(AE30:AJ30) -> 84 | CV30: =AVERAGE(AQ30:AR30) -> 83 | CW30: =AVERAGE(AS30:AV30) -> 83.5 | CX30: =AVERAGE(CA30:CB30) -> 87.5 | CY30: =AVERAGE(BA30:BB30) -> 85 | CZ30: =AVERAGE(AY30:AZ30) -> 86 | DA30: =AVERAGE(AW30:AX30) -> 84 | DB30: =AVERAGE(BE30:BF30) -> 90 | DC30: =AVERAGE(BG30:BH30) -> 76.5 | DD30: =AVERAGE(BC30:BD30) -> 88.5 | DE30: =AVERAGE(BI30:BL30) -> 85.25 | DF30: =AVERAGE(BM30:BP30) -> 87.5 | DG30: =AVERAGE(BQ30:BT30) -> 86.25 | DH30: =AVERAGE(BW30:BZ30) -> 88 | DI30: =AVERAGE(BU30:BV30) -> 86.5 | DJ30: =AVERAGE(AK30:AL30) -> 88.5 | DK30: =AVERAGE(CQ30:DJ30) -> 85.516667
A31: 30 | B31: ='DATA US'!B44 -> 222310028 | C31: ='DATA US'!F44 -> BEKASI | D31: ='DATA US'!G44 -> 4 September 2007 | E31: ='DATA US'!C44 -> 0078505225 | F31: ='DATA US'!D44 -> WANA SUMARNA | G31: 84 | H31: 84 | I31: 86 | J31: 84 | K31: 85 | L31: 86 | M31: 86 | N31: 85 | O31: 84 | P31: 84 | Q31: 84 | R31: 86 | S31: 80 | T31: 84 | U31: 90 | V31: 90 | W31: 91 | X31: 90 | Y31: 76 | Z31: 85 | AA31: 84 | AB31: 85 | AC31: 87 | AD31: 89 | AE31: 78 | AF31: 78 | AG31: 84 | AH31: 82 | AI31: 86 | AJ31: 92 | AK31: 87 | AL31: 86 | AM31: - | AN31: - | AO31: - | AP31: - | AQ31: 84 | AR31: 84 | AS31: 80 | AT31: 81 | AU31: 83 | AV31: 83 | AW31: 79 | AX31: 88 | AY31: 84 | AZ31: 85 | BA31: 83 | BB31: 85 | BC31: 75 | BD31: 90 | BE31: 88 | BF31: 90 | BG31: 75 | BH31: 81 | BI31: 84 | BJ31: 86 | BK31: 84 | BL31: 88 | BM31: 86 | BN31: 86 | BO31: 89 | BP31: 90 | BQ31: 86 | BR31: 87 | BS31: 88 | BT31: 89 | BU31: 80 | BV31: 90 | BW31: 87 | BX31: 88 | BY31: 86 | BZ31: 90 | CA31: 85 | CB31: 87 | CC31: PT. Adyawinsa Plastics Industri | CD31: Jl. Angsana Raya Blok L6 No 1 Delta Silicon 1, Lippo Cikarang | CE31: 29 April 2024- 29 Juli 2024 | CF31: B | CK31: 90 | CL31: 85.333333 | CM31: 83 | CN31: 84 | CO31: 83.25 | CP31: 87 | CQ31: =AVERAGE(G31:L31) -> 84.833333 | CR31: =AVERAGE(M31:R31) -> 84.833333 | CS31: =AVERAGE(Y31:AD31) -> 84.333333 | CT31: =AVERAGE(S31:X31) -> 87.5 | CU31: =AVERAGE(AE31:AJ31) -> 83.333333 | CV31: =AVERAGE(AQ31:AR31) -> 84 | CW31: =AVERAGE(AS31:AV31) -> 81.75 | CX31: =AVERAGE(CA31:CB31) -> 86 | CY31: =AVERAGE(BA31:BB31) -> 84 | CZ31: =AVERAGE(AY31:AZ31) -> 84.5 | DA31: =AVERAGE(AW31:AX31) -> 83.5 | DB31: =AVERAGE(BE31:BF31) -> 89 | DC31: =AVERAGE(BG31:BH31) -> 78 | DD31: =AVERAGE(BC31:BD31) -> 82.5 | DE31: =AVERAGE(BI31:BL31) -> 85.5 | DF31: =AVERAGE(BM31:BP31) -> 87.75 | DG31: =AVERAGE(BQ31:BT31) -> 87.5 | DH31: =AVERAGE(BW31:BZ31) -> 87.75 | DI31: =AVERAGE(BU31:BV31) -> 85 | DJ31: =AVERAGE(AK31:AL31) -> 86.5 | DK31: =AVERAGE(CQ31:DJ31) -> 84.904167
A32: 31 | B32: ='DATA US'!B45 -> 222310029 | C32: ='DATA US'!F45 -> BEKASI | D32: ='DATA US'!G45 -> 16 April 2007 | E32: ='DATA US'!C45 -> 0071843924 | F32: ='DATA US'!D45 -> WISNU BINTANG BERLIAN | G32: 78 | H32: 77 | I32: 83 | J32: 81 | K32: 84 | L32: 85 | M32: 80 | N32: 79 | O32: 79 | P32: 82 | Q32: 82 | R32: 83 | S32: 78 | T32: 76 | U32: 78 | V32: 85 | W32: 80 | X32: 83 | Y32: 77 | Z32: 76 | AA32: 78 | AB32: 79 | AC32: 84 | AD32: 85 | AE32: 75 | AF32: 77 | AG32: 79 | AH32: 80 | AI32: 83 | AJ32: 85 | AK32: 82 | AL32: 76 | AM32: - | AN32: - | AO32: - | AP32: - | AQ32: 80 | AR32: 78 | AS32: 80 | AT32: 82 | AU32: 84 | AV32: 82 | AW32: 77 | AX32: 81 | AY32: 82 | AZ32: 81 | BA32: 82 | BB32: 83 | BC32: 80 | BD32: 75 | BE32: 75 | BF32: 80 | BG32: 75 | BH32: 76 | BI32: 78 | BJ32: 79 | BK32: 83 | BL32: 88 | BM32: 78 | BN32: 85 | BO32: 83 | BP32: 84 | BQ32: 78 | BR32: 82 | BS32: 86 | BT32: 89 | BU32: 81 | BV32: 86 | BW32: 83 | BX32: 84 | BY32: 86 | BZ32: 86 | CA32: 78 | CB32: 81 | CC32: PT. Sohou Kikaku Indonesia | CD32: MM2100 Jl. Lombok I, N- 16 Cikarang Barat | CE32: 19 Feb 2024 - 19 Agt 2024 | CF32: B | CK32: 88.333333 | CL32: 82 | CM32: 80 | CN32: 80 | CO32: 83 | CP32: 86.722222 | CQ32: =AVERAGE(G32:L32) -> 81.333333 | CR32: =AVERAGE(M32:R32) -> 80.833333 | CS32: =AVERAGE(Y32:AD32) -> 79.833333 | CT32: =AVERAGE(S32:X32) -> 80 | CU32: =AVERAGE(AE32:AJ32) -> 79.833333 | CV32: =AVERAGE(AQ32:AR32) -> 79 | CW32: =AVERAGE(AS32:AV32) -> 82 | CX32: =AVERAGE(CA32:CB32) -> 79.5 | CY32: =AVERAGE(BA32:BB32) -> 82.5 | CZ32: =AVERAGE(AY32:AZ32) -> 81.5 | DA32: =AVERAGE(AW32:AX32) -> 79 | DB32: =AVERAGE(BE32:BF32) -> 77.5 | DC32: =AVERAGE(BG32:BH32) -> 75.5 | DD32: =AVERAGE(BC32:BD32) -> 77.5 | DE32: =AVERAGE(BI32:BL32) -> 82 | DF32: =AVERAGE(BM32:BP32) -> 82.5 | DG32: =AVERAGE(BQ32:BT32) -> 83.75 | DH32: =AVERAGE(BW32:BZ32) -> 84.75 | DI32: =AVERAGE(BU32:BV32) -> 83.5 | DJ32: =AVERAGE(AK32:AL32) -> 79 | DK32: =AVERAGE(CQ32:DJ32) -> 80.566667
A33: 32 | B33: ='DATA US'!B46 -> 242512086 | C33: ='DATA US'!F46 -> MAJALENGKA | D33: ='DATA US'!G46 -> 07 Februari 2007 | E33: ='DATA US'!C46 -> 0075620652 | F33: ='DATA US'!D46 -> HAZAQ OSEAN RAFIF | G33: 80 | H33: 82 | I33: 84 | J33: 80 | K33: 86 | L33: 87 | M33: 85 | N33: 80 | O33: 82 | P33: 80 | Q33: 85 | R33: 90 | S33: 80 | T33: 83 | U33: 82 | V33: 86 | W33: 86 | X33: 91 | Y33: 79 | Z33: 80 | AA33: 82 | AB33: 83 | AC33: 82 | AD33: 88 | AE33: 84 | AF33: 84 | AG33: 86 | AH33: 85 | AI33: 90 | AJ33: 95 | AK33: 80 | AL33: 83 | AM33: - | AN33: - | AO33: - | AP33: - | AQ33: 80 | AR33: 75 | AS33: 81 | AT33: 83 | AU33: 85 | AV33: 80 | AW33: 79 | AX33: 83 | AY33: 79 | AZ33: 80 | BA33: 79 | BB33: 80 | BC33: 88 | BD33: 87 | BE33: 83 | BF33: 85 | BG33: 85 | BH33: 80 | BI33: 84 | BJ33: 83 | BK33: 84 | BL33: 85 | BM33: 81 | BN33: 88 | BO33: 89 | BP33: 90 | BQ33: 80 | BR33: 88 | BS33: 88 | BT33: 86 | BU33: 92 | BV33: 90 | BW33: 84 | BX33: 88 | BY33: 88 | BZ33: 90 | CA33: 75 | CB33: 75 | CC33: PT. Surtec Kariya Indonesia | CD33: Kawasan Industri Gobel Jl. Teuku Umar KM. 29, Telaga Asih | CE33: 21 Februari 2024 - 29 Juni 2024 | CF33: A | CG33: PT. Koyorad Jaya Indonesia | CH33: Kawasan Industri MM 2100 Blok N 3-7 Jl. Lombok Gandamekar, Mekarwangi, Kec. Cikarang Barat, Kab. Bekasi | CJ33: A | CK33: 92.333333 | CL33: 85.666667 | CM33: 98 | CN33: 88 | CO33: 84 | CP33: 90 | CQ33: =AVERAGE(G33:L33) -> 83.166667 | CR33: =AVERAGE(M33:R33) -> 83.666667 | CS33: =AVERAGE(Y33:AD33) -> 82.333333 | CT33: =AVERAGE(S33:X33) -> 84.666667 | CU33: =AVERAGE(AE33:AJ33) -> 87.333333 | CV33: =AVERAGE(AQ33:AR33) -> 77.5 | CW33: =AVERAGE(AS33:AV33) -> 82.25 | CX33: =AVERAGE(CA33:CB33) -> 75 | CY33: =AVERAGE(BA33:BB33) -> 79.5 | CZ33: =AVERAGE(AY33:AZ33) -> 79.5 | DA33: =AVERAGE(AW33:AX33) -> 81 | DB33: =AVERAGE(BE33:BF33) -> 84 | DC33: =AVERAGE(BG33:BH33) -> 82.5 | DD33: =AVERAGE(BC33:BD33) -> 87.5 | DE33: =AVERAGE(BI33:BL33) -> 84 | DF33: =AVERAGE(BM33:BP33) -> 87 | DG33: =AVERAGE(BQ33:BT33) -> 85.5 | DH33: =AVERAGE(BW33:BZ33) -> 87.5 | DI33: =AVERAGE(BU33:BV33) -> 91 | DJ33: =AVERAGE(AK33:AL33) -> 81.5 | DK33: =AVERAGE(CQ33:DJ33) -> 83.320833
A34: 33 | B34: ='DATA US'!B47 -> 222310030 | C34: ='DATA US'!F47 -> BEKASI | D34: ='DATA US'!G47 -> 28 Juni 2007 | E34: ='DATA US'!C47 -> 0076215153 | F34: ='DATA US'!D47 -> AA DITIA FRATAMA | G34: 82 | H34: 81 | I34: 85 | J34: 84 | K34: 84 | L34: 85 | M34: 83 | N34: 83 | O34: 83 | P34: 85 | Q34: 84 | R34: 84 | S34: 80 | T34: 85 | U34: 88 | V34: 88 | W34: 86 | X34: 93 | Y34: 75 | Z34: 76 | AA34: 79 | AB34: 81 | AC34: 81 | AD34: 87 | AE34: 80 | AF34: 77 | AG34: 84 | AH34: 90 | AI34: 86 | AJ34: 86 | AK34: 85 | AL34: 83 | AP34: - | AQ34: 82 | AR34: 80 | AS34: 80 | AT34: 79 | AU34: 84 | AV34: 82 | AW34: 77 | AX34: 77 | AY34: 83 | AZ34: 84 | BA34: 84 | BB34: 81 | BC34: 84 | BD34: 85 | BE34: 82 | BF34: 79 | BG34: 80 | BH34: 82 | BI34: 86 | BJ34: 88 | BK34: 83 | BL34: 90 | BM34: 86 | BN34: 87 | BO34: 87 | BP34: 87 | BQ34: 90 | BR34: 84 | BS34: 85 | BT34: 85 | BU34: 83 | BV34: 83 | BW34: 85 | BX34: 80 | BY34: 86 | BZ34: 87 | CA34: 83 | CB34: 83 | CC34: PT. Nusa Keihin Indonesia | CD34: Jl. Selayar II Blok D7 No.1 MM2100 Jatiwangi | CE34: 2 Mei - 31 Juli 2024 | CF34: B | CK34: 91.666667 | CL34: 84.666667 | CM34: 82 | CN34: 88 | CO34: 82.25 | CP34: 87.027778 | CQ34: =AVERAGE(G34:L34) -> 83.5 | CR34: =AVERAGE(M34:R34) -> 83.666667 | CS34: =AVERAGE(Y34:AD34) -> 79.833333 | CT34: =AVERAGE(S34:X34) -> 86.666667 | CU34: =AVERAGE(AE34:AJ34) -> 83.833333 | CV34: =AVERAGE(AQ34:AR34) -> 81 | CW34: =AVERAGE(AS34:AV34) -> 81.25 | CX34: =AVERAGE(CA34:CB34) -> 83 | CY34: =AVERAGE(BA34:BB34) -> 82.5 | CZ34: =AVERAGE(AY34:AZ34) -> 83.5 | DA34: =AVERAGE(AW34:AX34) -> 77 | DB34: =AVERAGE(BE34:BF34) -> 80.5 | DC34: =AVERAGE(BG34:BH34) -> 81 | DD34: =AVERAGE(BC34:BD34) -> 84.5 | DE34: =AVERAGE(BI34:BL34) -> 86.75 | DF34: =AVERAGE(BM34:BP34) -> 86.75 | DG34: =AVERAGE(BQ34:BT34) -> 86 | DH34: =AVERAGE(BW34:BZ34) -> 84.5 | DI34: =AVERAGE(BU34:BV34) -> 83 | DJ34: =AVERAGE(AK34:AL34) -> 84 | DK34: =AVERAGE(CQ34:DJ34) -> 83.1375
A35: 34 | B35: ='DATA US'!B48 -> 222310031 | C35: ='DATA US'!F48 -> BREBES | D35: ='DATA US'!G48 -> 26 Oktober 2006 | E35: ='DATA US'!C48 -> 0064677701 | F35: ='DATA US'!D48 -> ABDULLAH AHMAD FAUZAN | G35: 84 | H35: 82 | I35: 81 | J35: 84 | K35: 83 | L35: 84 | M35: 80 | N35: 80 | O35: 80 | P35: 80 | Q35: 81 | R35: 81 | S35: 84 | T35: 81 | U35: 82 | V35: 83 | W35: 85 | X35: 88 | Y35: 75 | Z35: 76 | AA35: 78 | AB35: 80 | AC35: 80 | AD35: 81 | AE35: 76 | AF35: 77 | AG35: 80 | AH35: 82 | AI35: 85 | AJ35: 85 | AK35: 81 | AL35: 80 | AP35: - | AQ35: 81 | AR35: 80 | AS35: 80 | AT35: 79 | AU35: 86 | AV35: 83 | AW35: 76 | AX35: 85 | AY35: 82 | AZ35: 84 | BA35: 82 | BB35: 82 | BC35: 77 | BD35: 80 | BE35: 81 | BF35: 79 | BG35: 77 | BH35: 81 | BI35: 79 | BJ35: 80 | BK35: 82 | BL35: 90 | BM35: 79 | BN35: 80 | BO35: 83 | BP35: 83 | BQ35: 88 | BR35: 83 | BS35: 84 | BT35: 84 | BU35: 80 | BV35: 80 | BW35: 81 | BX35: 85 | BY35: 82 | BZ35: 83 | CA35: 81 | CB35: 80 | CC35: PT. Dae In Tech | CD35: Jl. Irian XII Blok NN No. 6 Jatiwangi Cikarang Barat Bekasi | CE35: 18 april 2024 -18 Okt 2024 | CF35: B | CK35: 89.666667 | CL35: 82.666667 | CM35: 81 | CN35: 89 | CO35: 82 | CP35: 84.5 | CQ35: =AVERAGE(G35:L35) -> 83 | CR35: =AVERAGE(M35:R35) -> 80.333333 | CS35: =AVERAGE(Y35:AD35) -> 78.333333 | CT35: =AVERAGE(S35:X35) -> 83.833333 | CU35: =AVERAGE(AE35:AJ35) -> 80.833333 | CV35: =AVERAGE(AQ35:AR35) -> 80.5 | CW35: =AVERAGE(AS35:AV35) -> 82 | CX35: =AVERAGE(CA35:CB35) -> 80.5 | CY35: =AVERAGE(BA35:BB35) -> 82 | CZ35: =AVERAGE(AY35:AZ35) -> 83 | DA35: =AVERAGE(AW35:AX35) -> 80.5 | DB35: =AVERAGE(BE35:BF35) -> 80 | DC35: =AVERAGE(BG35:BH35) -> 79 | DD35: =AVERAGE(BC35:BD35) -> 78.5 | DE35: =AVERAGE(BI35:BL35) -> 82.75 | DF35: =AVERAGE(BM35:BP35) -> 81.25 | DG35: =AVERAGE(BQ35:BT35) -> 84.75 | DH35: =AVERAGE(BW35:BZ35) -> 82.75 | DI35: =AVERAGE(BU35:BV35) -> 80 | DJ35: =AVERAGE(AK35:AL35) -> 80.5 | DK35: =AVERAGE(CQ35:DJ35) -> 81.216667
A36: 35 | B36: ='DATA US'!B49 -> 222310032 | C36: ='DATA US'!F49 -> BEKASI | D36: ='DATA US'!G49 -> 21 Mei 2007 | E36: ='DATA US'!C49 -> 0076929544 | F36: ='DATA US'!D49 -> ANDIKA SAPUTRA | G36: 83 | H36: 84 | I36: 82 | J36: 86 | K36: 85 | L36: 86 | M36: 85 | N36: 83 | O36: 82 | P36: 83 | Q36: 84 | R36: 84 | S36: 81 | T36: 85 | U36: 87 | V36: 88 | W36: 86 | X36: 92 | Y36: 75 | Z36: 81 | AA36: 79 | AB36: 80 | AC36: 81 | AD36: 87 | AE36: 81 | AF36: 82 | AG36: 84 | AH36: 85 | AI36: 92 | AJ36: 92 | AK36: 87 | AL36: 85 | AP36: - | AQ36: 83 | AR36: 81 | AS36: 81 | AT36: 80 | AU36: 88 | AV36: 85 | AW36: 81 | AX36: 84 | AY36: 83 | AZ36: 84 | BA36: 84 | BB36: 84 | BC36: 81 | BD36: 86 | BE36: 82 | BF36: 80 | BG36: 80 | BH36: 82 | BI36: 85 | BJ36: 83 | BK36: 83 | BL36: 90 | BM36: 85 | BN36: 84 | BO36: 86 | BP36: 86 | BQ36: 83 | BR36: 83 | BS36: 86 | BT36: 86 | BU36: 85 | BV36: 87 | BW36: 84 | BX36: 86 | BY36: 87 | BZ36: 88 | CA36: 85 | CB36: 84 | CC36: PT. Sohou Kikaku Indonesia | CD36: MM2100 Jl. Lombok Blok C Cikarang Barat | CE36: 22 Januari 2024 - 10 Juni 2024 | CF36: B | CK36: 92.333333 | CL36: 84 | CM36: 91 | CN36: 89 | CO36: 82 | CP36: 86.944444 | CQ36: =AVERAGE(G36:L36) -> 84.333333 | CR36: =AVERAGE(M36:R36) -> 83.5 | CS36: =AVERAGE(Y36:AD36) -> 80.5 | CT36: =AVERAGE(S36:X36) -> 86.5 | CU36: =AVERAGE(AE36:AJ36) -> 86 | CV36: =AVERAGE(AQ36:AR36) -> 82 | CW36: =AVERAGE(AS36:AV36) -> 83.5 | CX36: =AVERAGE(CA36:CB36) -> 84.5 | CY36: =AVERAGE(BA36:BB36) -> 84 | CZ36: =AVERAGE(AY36:AZ36) -> 83.5 | DA36: =AVERAGE(AW36:AX36) -> 82.5 | DB36: =AVERAGE(BE36:BF36) -> 81 | DC36: =AVERAGE(BG36:BH36) -> 81 | DD36: =AVERAGE(BC36:BD36) -> 83.5 | DE36: =AVERAGE(BI36:BL36) -> 85.25 | DF36: =AVERAGE(BM36:BP36) -> 85.25 | DG36: =AVERAGE(BQ36:BT36) -> 84.5 | DH36: =AVERAGE(BW36:BZ36) -> 86.25 | DI36: =AVERAGE(BU36:BV36) -> 86 | DJ36: =AVERAGE(AK36:AL36) -> 86 | DK36: =AVERAGE(CQ36:DJ36) -> 83.979167
A37: 36 | B37: ='DATA US'!B50 -> 222310033 | C37: ='DATA US'!F50 -> BEKASI | D37: ='DATA US'!G50 -> 18 Juli 2006 | E37: ='DATA US'!C50 -> 0061065498 | F37: ='DATA US'!D50 -> ARFHANSYAH PUTRA | G37: 80 | H37: 78 | I37: 82 | J37: 80 | K37: 83 | L37: 84 | M37: 82 | N37: 82 | O37: 82 | P37: 80 | Q37: 81 | R37: 81 | S37: 80 | T37: 81 | U37: 86 | V37: 86 | W37: 85 | X37: 89 | Y37: 75 | Z37: 79 | AA37: 78 | AB37: 80 | AC37: 80 | AD37: 88 | AE37: 76 | AF37: 77 | AG37: 82 | AH37: 81 | AI37: 85 | AJ37: 85 | AK37: 85 | AL37: 83 | AP37: - | AQ37: 82 | AR37: 80 | AS37: 80 | AT37: 79 | AU37: 84 | AV37: 81 | AW37: 77 | AX37: 79 | AY37: 83 | AZ37: 83 | BA37: 83 | BB37: 82 | BC37: 77 | BD37: 83 | BE37: 83 | BF37: 80 | BG37: 80 | BH37: 83 | BI37: 79 | BJ37: 81 | BK37: 82 | BL37: 90 | BM37: 79 | BN37: 81 | BO37: 87 | BP37: 87 | BQ37: 81 | BR37: 82 | BS37: 83 | BT37: 85 | BU37: 80 | BV37: 80 | BW37: 84 | BX37: 84 | BY37: 87 | BZ37: 87 | CA37: 83 | CB37: 86 | CC37: PT. Koyorad Jaya Indonesia | CD37: Jl. Lombok Blok N 3-7 MM2100 Gandamekar | CE37: 12 Feb 2024 -11 Mei 2024 | CF37: B | CK37: 89.333333 | CL37: 83.666667 | CM37: 80 | CN37: 87 | CO37: 81 | CP37: 87 | CQ37: =AVERAGE(G37:L37) -> 81.166667 | CR37: =AVERAGE(M37:R37) -> 81.333333 | CS37: =AVERAGE(Y37:AD37) -> 80 | CT37: =AVERAGE(S37:X37) -> 84.5 | CU37: =AVERAGE(AE37:AJ37) -> 81 | CV37: =AVERAGE(AQ37:AR37) -> 81 | CW37: =AVERAGE(AS37:AV37) -> 81 | CX37: =AVERAGE(CA37:CB37) -> 84.5 | CY37: =AVERAGE(BA37:BB37) -> 82.5 | CZ37: =AVERAGE(AY37:AZ37) -> 83 | DA37: =AVERAGE(AW37:AX37) -> 78 | DB37: =AVERAGE(BE37:BF37) -> 81.5 | DC37: =AVERAGE(BG37:BH37) -> 81.5 | DD37: =AVERAGE(BC37:BD37) -> 80 | DE37: =AVERAGE(BI37:BL37) -> 83 | DF37: =AVERAGE(BM37:BP37) -> 83.5 | DG37: =AVERAGE(BQ37:BT37) -> 82.75 | DH37: =AVERAGE(BW37:BZ37) -> 85.5 | DI37: =AVERAGE(BU37:BV37) -> 80 | DJ37: =AVERAGE(AK37:AL37) -> 84 | DK37: =AVERAGE(CQ37:DJ37) -> 81.9875
A38: 37 | B38: ='DATA US'!B51 -> 222310034 | C38: ='DATA US'!F51 -> BEKASI | D38: ='DATA US'!G51 -> 39176 | E38: ='DATA US'!C51 -> 0077550363 | F38: ='DATA US'!D51 -> CAESAR DANDI TRI PERKASA | G38: 80 | H38: 82 | I38: 84 | J38: 81 | K38: 83 | L38: 84 | M38: 81 | N38: 83 | O38: 83 | P38: 84 | Q38: 83 | R38: 83 | S38: 84 | T38: 82 | U38: 92 | V38: 92 | W38: 85 | X38: 90 | Y38: 76 | Z38: 77 | AA38: 78 | AB38: 82 | AC38: 82 | AD38: 87 | AE38: 79 | AF38: 78 | AG38: 86 | AH38: 86 | AI38: 88 | AJ38: 88 | AK38: 85 | AL38: 85 | AP38: - | AQ38: 83 | AR38: 81 | AS38: 80 | AT38: 79 | AU38: 84 | AV38: 81 | AW38: 78 | AX38: 84 | AY38: 83 | AZ38: 83 | BA38: 84 | BB38: 84 | BC38: 77 | BD38: 88 | BE38: 82 | BF38: 81 | BG38: 80 | BH38: 82 | BI38: 84 | BJ38: 83 | BK38: 82 | BL38: 90 | BM38: 84 | BN38: 83 | BO38: 84 | BP38: 84 | BQ38: 88 | BR38: 86 | BS38: 86 | BT38: 86 | BU38: 80 | BV38: 81 | BW38: 82 | BX38: 86 | BY38: 84 | BZ38: 84 | CA38: 81 | CB38: 82 | CC38: PT.King Plastic | CD38: Kawasan Industri MM2100 Jatiwangi Bekasi | CE38: 20 Agt 2024 - 20 Nov 2024 | CF38: B | CG38: PT. Nusa Keihin Indonesia | CH38: Jl. Selayar II Blok D7 No.1 MM2100 Jatiwangi | CI38: 2 Mei - 31 Juli 2024 | CJ38: B | CK38: 89.666667 | CL38: 85.333333 | CM38: 96 | CN38: 84 | CO38: 82 | CP38: 90 | CQ38: =AVERAGE(G38:L38) -> 82.333333 | CR38: =AVERAGE(M38:R38) -> 82.833333 | CS38: =AVERAGE(Y38:AD38) -> 80.333333 | CT38: =AVERAGE(S38:X38) -> 87.5 | CU38: =AVERAGE(AE38:AJ38) -> 84.166667 | CV38: =AVERAGE(AQ38:AR38) -> 82 | CW38: =AVERAGE(AS38:AV38) -> 81 | CX38: =AVERAGE(CA38:CB38) -> 81.5 | CY38: =AVERAGE(BA38:BB38) -> 84 | CZ38: =AVERAGE(AY38:AZ38) -> 83 | DA38: =AVERAGE(AW38:AX38) -> 81 | DB38: =AVERAGE(BE38:BF38) -> 81.5 | DC38: =AVERAGE(BG38:BH38) -> 81 | DD38: =AVERAGE(BC38:BD38) -> 82.5 | DE38: =AVERAGE(BI38:BL38) -> 84.75 | DF38: =AVERAGE(BM38:BP38) -> 83.75 | DG38: =AVERAGE(BQ38:BT38) -> 86.5 | DH38: =AVERAGE(BW38:BZ38) -> 84 | DI38: =AVERAGE(BU38:BV38) -> 80.5 | DJ38: =AVERAGE(AK38:AL38) -> 85 | DK38: =AVERAGE(CQ38:DJ38) -> 82.958333
A39: 38 | B39: ='DATA US'!B52 -> 222310035 | C39: ='DATA US'!F52 -> BEKASI | D39: ='DATA US'!G52 -> 13 April 2007 | E39: ='DATA US'!C52 -> 0074682824 | F39: ='DATA US'!D52 -> DIMAS RIMUNANDAR | G39: 83 | H39: 84 | I39: 85 | J39: 85 | K39: 85 | L39: 86 | M39: 84 | N39: 83 | O39: 83 | P39: 83 | Q39: 83 | R39: 83 | S39: 80 | T39: 82 | U39: 92 | V39: 92 | W39: 85 | X39: 92 | Y39: 75 | Z39: 78 | AA39: 81 | AB39: 80 | AC39: 85 | AD39: 86 | AE39: 79 | AF39: 80 | AG39: 86 | AH39: 89 | AI39: 90 | AJ39: 90 | AK39: 86 | AL39: 84 | AP39: - | AQ39: 82 | AR39: 82 | AS39: 81 | AT39: 80 | AU39: 88 | AV39: 85 | AW39: 76 | AX39: 82 | AY39: 82 | AZ39: 82 | BA39: 83 | BB39: 81 | BC39: 84 | BD39: 86 | BE39: 82 | BF39: 81 | BG39: 78 | BH39: 82 | BI39: 84 | BJ39: 83 | BK39: 83 | BL39: 90 | BM39: 84 | BN39: 84 | BO39: 88 | BP39: 88 | BQ39: 80 | BR39: 83 | BS39: 87 | BT39: 87 | BU39: 87 | BV39: 88 | BW39: 84 | BX39: 85 | BY39: 80 | BZ39: 87 | CA39: 82 | CB39: 83 | CC39: PT. SBP Indonesia | CD39: Kawasan Industri MM2100 Jatiwangi Bekasi | CE39: 12 Maret 2024 - 31 Mei 2024 | CF39: B | CK39: 91 | CL39: 84.333333 | CM39: 82 | CN39: 89 | CO39: 82.25 | CP39: 90.611111 | CQ39: =AVERAGE(G39:L39) -> 84.666667 | CR39: =AVERAGE(M39:R39) -> 83.166667 | CS39: =AVERAGE(Y39:AD39) -> 80.833333 | CT39: =AVERAGE(S39:X39) -> 87.166667 | CU39: =AVERAGE(AE39:AJ39) -> 85.666667 | CV39: =AVERAGE(AQ39:AR39) -> 82 | CW39: =AVERAGE(AS39:AV39) -> 83.5 | CX39: =AVERAGE(CA39:CB39) -> 82.5 | CY39: =AVERAGE(BA39:BB39) -> 82 | CZ39: =AVERAGE(AY39:AZ39) -> 82 | DA39: =AVERAGE(AW39:AX39) -> 79 | DB39: =AVERAGE(BE39:BF39) -> 81.5 | DC39: =AVERAGE(BG39:BH39) -> 80 | DD39: =AVERAGE(BC39:BD39) -> 85 | DE39: =AVERAGE(BI39:BL39) -> 85 | DF39: =AVERAGE(BM39:BP39) -> 86 | DG39: =AVERAGE(BQ39:BT39) -> 84.25 | DH39: =AVERAGE(BW39:BZ39) -> 84 | DI39: =AVERAGE(BU39:BV39) -> 87.5 | DJ39: =AVERAGE(AK39:AL39) -> 85 | DK39: =AVERAGE(CQ39:DJ39) -> 83.5375
A40: 39 | B40: ='DATA US'!B53 -> 222310036 | C40: ='DATA US'!F53 -> BEKASI | D40: ='DATA US'!G53 -> 20 Maret 2007 | E40: ='DATA US'!C53 -> 0075646043 | F40: ='DATA US'!D53 -> DINAR RADITIYA PRATAMA | G40: 83 | H40: 80 | I40: 86 | J40: 80 | K40: 84 | L40: 87 | M40: 81 | N40: 81 | O40: 83 | P40: 83 | Q40: 83 | R40: 83 | S40: 84 | T40: 81 | U40: 88 | V40: 88 | W40: 85 | X40: 90 | Y40: 75 | Z40: 78 | AA40: 78 | AB40: 79 | AC40: 81 | AD40: 81 | AE40: 76 | AF40: 77 | AG40: 84 | AH40: 85 | AI40: 87 | AJ40: 87 | AK40: 82 | AL40: 80 | AP40: - | AQ40: 82 | AR40: 81 | AS40: 81 | AT40: 80 | AU40: 87 | AV40: 84 | AW40: 76 | AX40: 83 | AY40: 82 | AZ40: 82 | BA40: 82 | BB40: 81 | BC40: 76 | BD40: 80 | BE40: 81 | BF40: 78 | BG40: 77 | BH40: 81 | BI40: 80 | BJ40: 81 | BK40: 82 | BL40: 90 | BM40: 80 | BN40: 80 | BO40: 82 | BP40: 82 | BQ40: 83 | BR40: 83 | BS40: 87 | BT40: 86 | BU40: 80 | BV40: 82 | BW40: 81 | BX40: 86 | BY40: 82 | BZ40: 84 | CA40: 83 | CB40: 83 | CC40: PT. King Plastic | CD40: Kawasan Industri MM2100 Jatiwangi Bekasi | CE40: 20 Agt 2024 - 20 Nov 2024 | CF40: A | CG40: PT. Adyawinsa Plastic Industri | CH40: Jl. Angsana Raya Blok L6 No 1 Delta Silicon 1, Lippo Cikarang | CI40: 29 April 2024- 29 Juli 2024 | CJ40: A | CK40: 90.666667 | CL40: 86 | CM40: 84 | CN40: 90 | CO40: 82.25 | CP40: 86.444444 | CQ40: =AVERAGE(G40:L40) -> 83.333333 | CR40: =AVERAGE(M40:R40) -> 82.333333 | CS40: =AVERAGE(Y40:AD40) -> 78.666667 | CT40: =AVERAGE(S40:X40) -> 86 | CU40: =AVERAGE(AE40:AJ40) -> 82.666667 | CV40: =AVERAGE(AQ40:AR40) -> 81.5 | CW40: =AVERAGE(AS40:AV40) -> 83 | CX40: =AVERAGE(CA40:CB40) -> 83 | CY40: =AVERAGE(BA40:BB40) -> 81.5 | CZ40: =AVERAGE(AY40:AZ40) -> 82 | DA40: =AVERAGE(AW40:AX40) -> 79.5 | DB40: =AVERAGE(BE40:BF40) -> 79.5 | DC40: =AVERAGE(BG40:BH40) -> 79 | DD40: =AVERAGE(BC40:BD40) -> 78 | DE40: =AVERAGE(BI40:BL40) -> 83.25 | DF40: =AVERAGE(BM40:BP40) -> 81 | DG40: =AVERAGE(BQ40:BT40) -> 84.75 | DH40: =AVERAGE(BW40:BZ40) -> 83.25 | DI40: =AVERAGE(BU40:BV40) -> 81 | DJ40: =AVERAGE(AK40:AL40) -> 81 | DK40: =AVERAGE(CQ40:DJ40) -> 81.7125
A41: 40 | B41: ='DATA US'!B54 -> 222310037 | C41: ='DATA US'!F54 -> BEKASI | D41: ='DATA US'!G54 -> 27 Maret 2007 | E41: ='DATA US'!C54 -> 0076987847 | F41: ='DATA US'!D54 -> FAHMI SABILA SIDKI | G41: 84 | H41: 83 | I41: 84 | J41: 80 | K41: 86 | L41: 88 | M41: 80 | N41: 80 | O41: 80 | P41: 80 | Q41: 81 | R41: 81 | S41: 79 | T41: 81 | U41: 82 | V41: 83 | W41: 82 | X41: 90 | Y41: 75 | Z41: 78 | AA41: 78 | AB41: 79 | AC41: 87 | AD41: 90 | AE41: 76 | AF41: 76 | AG41: 80 | AH41: 82 | AI41: 85 | AJ41: 85 | AK41: 80 | AL41: 81 | AP41: - | AQ41: 82 | AR41: 76 | AS41: 81 | AT41: 80 | AU41: 87 | AV41: 85 | AW41: 76 | AX41: 78 | AY41: 81 | AZ41: 81 | BA41: 82 | BB41: 81 | BC41: 76 | BD41: 66 | BE41: 82 | BF41: 80 | BG41: 77 | BH41: 82 | BI41: 79 | BJ41: 80 | BK41: 82 | BL41: 90 | BM41: 79 | BN41: 80 | BO41: 83 | BP41: 83 | BQ41: 80 | BR41: 80 | BS41: 82 | BT41: 81 | BU41: 80 | BV41: 81 | BW41: 80 | BX41: 83 | BY41: 82 | BZ41: 83 | CA41: 80 | CB41: 80 | CC41: PT. Alcomexindo | CD41: Kp. Mariuk Rt 004 rw 002 Gandamekar Kec.Cikarang Barat | CE41: 20 Juli 2024- 20 Nov 2024 | CF41: B | CK41: 90 | CL41: 86.666667 | CM41: 82 | CN41: 85 | CO41: 82 | CP41: 90.388889 | CQ41: =AVERAGE(G41:L41) -> 84.166667 | CR41: =AVERAGE(M41:R41) -> 80.333333 | CS41: =AVERAGE(Y41:AD41) -> 81.166667 | CT41: =AVERAGE(S41:X41) -> 82.833333 | CU41: =AVERAGE(AE41:AJ41) -> 80.666667 | CV41: =AVERAGE(AQ41:AR41) -> 79 | CW41: =AVERAGE(AS41:AV41) -> 83.25 | CX41: =AVERAGE(CA41:CB41) -> 80 | CY41: =AVERAGE(BA41:BB41) -> 81.5 | CZ41: =AVERAGE(AY41:AZ41) -> 81 | DA41: =AVERAGE(AW41:AX41) -> 77 | DB41: =AVERAGE(BE41:BF41) -> 81 | DC41: =AVERAGE(BG41:BH41) -> 79.5 | DD41: =AVERAGE(BC41:BD41) -> 71 | DE41: =AVERAGE(BI41:BL41) -> 82.75 | DF41: =AVERAGE(BM41:BP41) -> 81.25 | DG41: =AVERAGE(BQ41:BT41) -> 80.75 | DH41: =AVERAGE(BW41:BZ41) -> 82 | DI41: =AVERAGE(BU41:BV41) -> 80.5 | DJ41: =AVERAGE(AK41:AL41) -> 80.5 | DK41: =AVERAGE(CQ41:DJ41) -> 80.508333
A42: 41 | B42: ='DATA US'!B55 -> 222310038 | C42: ='DATA US'!F55 -> BANTUL | D42: ='DATA US'!G55 -> 29 Juli 2007 | E42: ='DATA US'!C55 -> 0076325232 | F42: ='DATA US'!D55 -> FENDI LATIF HENANTA | G42: 81 | H42: 79 | I42: 81 | J42: 82 | K42: 84 | L42: 85 | M42: 84 | N42: 83 | O42: 83 | P42: 84 | Q42: 84 | R42: 84 | S42: 79 | T42: 86 | U42: 89 | V42: 90 | W42: 85 | X42: 90 | Y42: 75 | Z42: 77 | AA42: 80 | AB42: 79 | AC42: 85 | AD42: 87 | AE42: 83 | AF42: 80 | AG42: 85 | AH42: 90 | AI42: 88 | AJ42: 88 | AK42: 84 | AL42: 85 | AP42: - | AQ42: 82 | AR42: 81 | AS42: 80 | AT42: 79 | AU42: 88 | AV42: 85 | AW42: 80 | AX42: 80 | AY42: 86 | AZ42: 82 | BA42: 86 | BB42: 83 | BC42: 79 | BD42: 79 | BE42: 82 | BF42: 81 | BG42: 80 | BH42: 82 | BI42: 85 | BJ42: 87 | BK42: 82 | BL42: 90 | BM42: 85 | BN42: 87 | BO42: 88 | BP42: 88 | BQ42: 88 | BR42: 85 | BS42: 87 | BT42: 87 | BU42: 81 | BV42: 83 | BW42: 83 | BX42: 84 | BY42: 87 | BZ42: 87 | CA42: 84 | CB42: 84 | CC42: PT. King Plastic | CD42: Kawasan Industri MM2100 Jatiwangi Bekasi | CE42: 20 Mei -19 Agustus 2024 | CF42: B | CK42: 91 | CL42: 85 | CM42: 81 | CN42: 84 | CO42: 82.5 | CP42: 89.861111 | CQ42: =AVERAGE(G42:L42) -> 82 | CR42: =AVERAGE(M42:R42) -> 83.666667 | CS42: =AVERAGE(Y42:AD42) -> 80.5 | CT42: =AVERAGE(S42:X42) -> 86.5 | CU42: =AVERAGE(AE42:AJ42) -> 85.666667 | CV42: =AVERAGE(AQ42:AR42) -> 81.5 | CW42: =AVERAGE(AS42:AV42) -> 83 | CX42: =AVERAGE(CA42:CB42) -> 84 | CY42: =AVERAGE(BA42:BB42) -> 84.5 | CZ42: =AVERAGE(AY42:AZ42) -> 84 | DA42: =AVERAGE(AW42:AX42) -> 80 | DB42: =AVERAGE(BE42:BF42) -> 81.5 | DC42: =AVERAGE(BG42:BH42) -> 81 | DD42: =AVERAGE(BC42:BD42) -> 79 | DE42: =AVERAGE(BI42:BL42) -> 86 | DF42: =AVERAGE(BM42:BP42) -> 87 | DG42: =AVERAGE(BQ42:BT42) -> 86.75 | DH42: =AVERAGE(BW42:BZ42) -> 85.25 | DI42: =AVERAGE(BU42:BV42) -> 82 | DJ42: =AVERAGE(AK42:AL42) -> 84.5 | DK42: =AVERAGE(CQ42:DJ42) -> 83.416667
A43: 42 | B43: ='DATA US'!B56 -> 222310039 | C43: ='DATA US'!F56 -> BANTUL | D43: ='DATA US'!G56 -> 29 Juli 2007 | E43: ='DATA US'!C56 -> 0072890752 | F43: ='DATA US'!D56 -> FERDI LATIF HENANTA | G43: 82 | H43: 80 | I43: 83 | J43: 83 | K43: 83 | L43: 85 | M43: 84 | N43: 85 | O43: 83 | P43: 84 | Q43: 84 | R43: 84 | S43: 79 | T43: 86 | U43: 88 | V43: 88 | W43: 85 | X43: 90 | Y43: 76 | Z43: 76 | AA43: 81 | AB43: 80 | AC43: 81 | AD43: 84 | AE43: 82 | AF43: 78 | AG43: 86 | AH43: 86 | AI43: 95 | AJ43: 95 | AK43: 85 | AL43: 84 | AP43: - | AQ43: 83 | AR43: 82 | AS43: 80 | AT43: 79 | AU43: 85 | AV43: 82 | AW43: 79 | AX43: 83 | AY43: 84 | AZ43: 83 | BA43: 86 | BB43: 83 | BC43: 84 | BD43: 80 | BE43: 82 | BF43: 81 | BG43: 79 | BH43: 82 | BI43: 85 | BJ43: 87 | BK43: 82 | BL43: 90 | BM43: 86 | BN43: 87 | BO43: 88 | BP43: 88 | BQ43: 86 | BR43: 84 | BS43: 87 | BT43: 87 | BU43: 81 | BV43: 83 | BW43: 85 | BX43: 85 | BY43: 87 | BZ43: 87 | CA43: 84 | CB43: 83 | CC43: PT. Mitsuba Indonesia | CD43: Kawasan Industri MM2100 Jatiwangi Bekasi | CE43: 2 Feb - 3 Mei 2024 | CF43: B | CK43: 91 | CL43: 84.333333 | CM43: 95 | CN43: 85 | CO43: 82.5 | CP43: 89.861111 | CQ43: =AVERAGE(G43:L43) -> 82.666667 | CR43: =AVERAGE(M43:R43) -> 84 | CS43: =AVERAGE(Y43:AD43) -> 79.666667 | CT43: =AVERAGE(S43:X43) -> 86 | CU43: =AVERAGE(AE43:AJ43) -> 87 | CV43: =AVERAGE(AQ43:AR43) -> 82.5 | CW43: =AVERAGE(AS43:AV43) -> 81.5 | CX43: =AVERAGE(CA43:CB43) -> 83.5 | CY43: =AVERAGE(BA43:BB43) -> 84.5 | CZ43: =AVERAGE(AY43:AZ43) -> 83.5 | DA43: =AVERAGE(AW43:AX43) -> 81 | DB43: =AVERAGE(BE43:BF43) -> 81.5 | DC43: =AVERAGE(BG43:BH43) -> 80.5 | DD43: =AVERAGE(BC43:BD43) -> 82 | DE43: =AVERAGE(BI43:BL43) -> 86 | DF43: =AVERAGE(BM43:BP43) -> 87.25 | DG43: =AVERAGE(BQ43:BT43) -> 86 | DH43: =AVERAGE(BW43:BZ43) -> 86 | DI43: =AVERAGE(BU43:BV43) -> 82 | DJ43: =AVERAGE(AK43:AL43) -> 84.5 | DK43: =AVERAGE(CQ43:DJ43) -> 83.579167
A44: 43 | B44: ='DATA US'!B57 -> 222310040 | C44: ='DATA US'!F57 -> BREBES | D44: ='DATA US'!G57 -> 21 Desember 2006 | E44: ='DATA US'!C57 -> 0065370722 | F44: ='DATA US'!D57 -> IPANG SAPUTRA | G44: 81 | H44: 80 | I44: 81 | J44: 80 | K44: 84 | L44: 85 | M44: 83 | N44: 85 | O44: 82 | P44: 85 | Q44: 83 | R44: 83 | S44: 84 | T44: 81 | U44: 88 | V44: 89 | W44: 86 | X44: 89 | Y44: 75 | Z44: 76 | AA44: 81 | AB44: 79 | AC44: 84 | AD44: 82 | AE44: 79 | AF44: 78 | AG44: 83 | AH44: 90 | AI44: 88 | AJ44: 88 | AK44: 84 | AL44: 82 | AP44: - | AQ44: 83 | AR44: 80 | AS44: 81 | AT44: 80 | AU44: 88 | AV44: 85 | AW44: 78 | AX44: 78 | AY44: 83 | AZ44: 83 | BA44: 84 | BB44: 82 | BC44: 80 | BD44: 80 | BE44: 83 | BF44: 81 | BG44: 80 | BH44: 83 | BI44: 83 | BJ44: 87 | BK44: 82 | BL44: 90 | BM44: 84 | BN44: 87 | BO44: 88 | BP44: 88 | BQ44: 90 | BR44: 86 | BS44: 88 | BT44: 88 | BU44: 81 | BV44: 82 | BW44: 84 | BX44: 80 | BY44: 85 | BZ44: 86 | CA44: 84 | CB44: 85 | CC44: PT. SBP Indonesia | CD44: Kawasan Industri MM2100 Jatiwangi Bekasi | CE44: 13 Nov 2023 - 28 Feb 2024 | CF44: B | CK44: 90.333333 | CL44: 83 | CM44: 83 | CN44: 86 | CO44: 82.5 | CP44: 90 | CQ44: =AVERAGE(G44:L44) -> 81.833333 | CR44: =AVERAGE(M44:R44) -> 83.5 | CS44: =AVERAGE(Y44:AD44) -> 79.5 | CT44: =AVERAGE(S44:X44) -> 86.166667 | CU44: =AVERAGE(AE44:AJ44) -> 84.333333 | CV44: =AVERAGE(AQ44:AR44) -> 81.5 | CW44: =AVERAGE(AS44:AV44) -> 83.5 | CX44: =AVERAGE(CA44:CB44) -> 84.5 | CY44: =AVERAGE(BA44:BB44) -> 83 | CZ44: =AVERAGE(AY44:AZ44) -> 83 | DA44: =AVERAGE(AW44:AX44) -> 78 | DB44: =AVERAGE(BE44:BF44) -> 82 | DC44: =AVERAGE(BG44:BH44) -> 81.5 | DD44: =AVERAGE(BC44:BD44) -> 80 | DE44: =AVERAGE(BI44:BL44) -> 85.5 | DF44: =AVERAGE(BM44:BP44) -> 86.75 | DG44: =AVERAGE(BQ44:BT44) -> 88 | DH44: =AVERAGE(BW44:BZ44) -> 83.75 | DI44: =AVERAGE(BU44:BV44) -> 81.5 | DJ44: =AVERAGE(AK44:AL44) -> 83 | DK44: =AVERAGE(CQ44:DJ44) -> 83.041667
A45: 44 | B45: ='DATA US'!B58 -> 222310041 | C45: ='DATA US'!F58 -> BEKASI | D45: ='DATA US'!G58 -> 14 Mei 2007 | E45: ='DATA US'!C58 -> 0076850408 | F45: ='DATA US'!D58 -> M IQBAL HENDRAWAN | G45: 85 | H45: 86 | I45: 84 | J45: 80 | K45: 93 | L45: 88 | M45: 85 | N45: 86 | O45: 82 | P45: 85 | Q45: 84 | R45: 84 | S45: 80 | T45: 86 | U45: 91 | V45: 92 | W45: 88 | X45: 93 | Y45: 79 | Z45: 78 | AA45: 78 | AB45: 81 | AC45: 85 | AD45: 89 | AE45: 81 | AF45: 78 | AG45: 85 | AH45: 90 | AI45: 86 | AJ45: 90 | AK45: 88 | AL45: 85 | AP45: - | AQ45: 85 | AR45: 84 | AS45: 81 | AT45: 80 | AU45: 88 | AV45: 85 | AW45: 83 | AX45: 85 | AY45: 85 | AZ45: 87 | BA45: 86 | BB45: 86 | BC45: 80 | BD45: 89 | BE45: 82 | BF45: 81 | BG45: 80 | BH45: 82 | BI45: 79 | BJ45: 80 | BK45: 82 | BL45: 90 | BM45: 79 | BN45: 80 | BO45: 83 | BP45: 83 | BQ45: 90 | BR45: 85 | BS45: 86 | BT45: 87 | BU45: 83 | BV45: 82 | BW45: 86 | BX45: 86 | BY45: 90 | BZ45: 84 | CA45: 87 | CB45: 87 | CC45: PT. Nusa Keihin Indonesia | CD45: Jl. Selayar II Blok D7 No.1 MM2100 Jatiwangi | CE45: 22 Agt 2024 - 28 Nov 2024 | CF45: B | CG45: PT. Mitsuba Indonesia | CH45: Kawasan Industri MM2100 Jatiwangi Bekasi | CI45: 22 Agt 2024 - 28 Nov 2024 | CJ45: B | CK45: 92.333333 | CL45: 85.666667 | CM45: 90 | CN45: 89 | CO45: 82.25 | CP45: 89.583333 | CQ45: =AVERAGE(G45:L45) -> 86 | CR45: =AVERAGE(M45:R45) -> 84.333333 | CS45: =AVERAGE(Y45:AD45) -> 81.666667 | CT45: =AVERAGE(S45:X45) -> 88.333333 | CU45: =AVERAGE(AE45:AJ45) -> 85 | CV45: =AVERAGE(AQ45:AR45) -> 84.5 | CW45: =AVERAGE(AS45:AV45) -> 83.5 | CX45: =AVERAGE(CA45:CB45) -> 87 | CY45: =AVERAGE(BA45:BB45) -> 86 | CZ45: =AVERAGE(AY45:AZ45) -> 86 | DA45: =AVERAGE(AW45:AX45) -> 84 | DB45: =AVERAGE(BE45:BF45) -> 81.5 | DC45: =AVERAGE(BG45:BH45) -> 81 | DD45: =AVERAGE(BC45:BD45) -> 84.5 | DE45: =AVERAGE(BI45:BL45) -> 82.75 | DF45: =AVERAGE(BM45:BP45) -> 81.25 | DG45: =AVERAGE(BQ45:BT45) -> 87 | DH45: =AVERAGE(BW45:BZ45) -> 86.5 | DI45: =AVERAGE(BU45:BV45) -> 82.5 | DJ45: =AVERAGE(AK45:AL45) -> 86.5 | DK45: =AVERAGE(CQ45:DJ45) -> 84.491667
A46: 45 | B46: ='DATA US'!B59 -> 222310042 | C46: ='DATA US'!F59 -> KARAWANG | D46: ='DATA US'!G59 -> 9 Maret 2006 | E46: ='DATA US'!C59 -> 0069805365 | F46: ='DATA US'!D59 -> MAHESA APRIATNA | G46: 81 | H46: 79 | I46: 84 | J46: 82 | K46: 84 | L46: 85 | M46: 83 | N46: 84 | O46: 84 | P46: 85 | Q46: 83 | R46: 83 | S46: 79 | T46: 81 | U46: 90 | V46: 91 | W46: 86 | X46: 93 | Y46: 75 | Z46: 76 | AA46: 83 | AB46: 79 | AC46: 80 | AD46: 85 | AE46: 81 | AF46: 78 | AG46: 87 | AH46: 85 | AI46: 85 | AJ46: 85 | AK46: 85 | AL46: 83 | AP46: - | AQ46: 82 | AR46: 81 | AS46: 81 | AT46: 80 | AU46: 88 | AV46: 84 | AW46: 79 | AX46: 78 | AY46: 83 | AZ46: 83 | BA46: 85 | BB46: 81 | BC46: 76 | BD46: 84 | BE46: 81 | BF46: 81 | BG46: 80 | BH46: 81 | BI46: 86 | BJ46: 87 | BK46: 82 | BL46: 90 | BM46: 86 | BN46: 87 | BO46: 85 | BP46: 85 | BQ46: 83 | BR46: 83 | BS46: 87 | BT46: 87 | BU46: 81 | BV46: 82 | BW46: 86 | BX46: 86 | BY46: 82 | BZ46: 84 | CA46: 84 | CB46: 87 | CC46: PT. King Plastic | CD46: Kawasan Industri MM2100 Jatiwangi Bekasi | CE46: 20 Agt 2024 - 20 Nov 2024 | CF46: B | CG46: PT. Adyawinsa Plastic Industri | CH46: Jl. Angsana Raya Blok L6 No 1 Delta Silicon 1, Lippo Cikarang | CI46: 19 april 2024 -19 Juli 2024 | CJ46: B | CK46: 90.333333 | CL46: 84 | CM46: 83 | CN46: 90 | CO46: 82.5 | CP46: 88.805556 | CQ46: =AVERAGE(G46:L46) -> 82.5 | CR46: =AVERAGE(M46:R46) -> 83.666667 | CS46: =AVERAGE(Y46:AD46) -> 79.666667 | CT46: =AVERAGE(S46:X46) -> 86.666667 | CU46: =AVERAGE(AE46:AJ46) -> 83.5 | CV46: =AVERAGE(AQ46:AR46) -> 81.5 | CW46: =AVERAGE(AS46:AV46) -> 83.25 | CX46: =AVERAGE(CA46:CB46) -> 85.5 | CY46: =AVERAGE(BA46:BB46) -> 83 | CZ46: =AVERAGE(AY46:AZ46) -> 83 | DA46: =AVERAGE(AW46:AX46) -> 78.5 | DB46: =AVERAGE(BE46:BF46) -> 81 | DC46: =AVERAGE(BG46:BH46) -> 80.5 | DD46: =AVERAGE(BC46:BD46) -> 80 | DE46: =AVERAGE(BI46:BL46) -> 86.25 | DF46: =AVERAGE(BM46:BP46) -> 85.75 | DG46: =AVERAGE(BQ46:BT46) -> 85 | DH46: =AVERAGE(BW46:BZ46) -> 84.5 | DI46: =AVERAGE(BU46:BV46) -> 81.5 | DJ46: =AVERAGE(AK46:AL46) -> 84 | DK46: =AVERAGE(CQ46:DJ46) -> 82.9625
A47: 46 | B47: ='DATA US'!B60 -> 222310043 | C47: ='DATA US'!F60 -> KOTA BEKASI | D47: ='DATA US'!G60 -> 26 September 2006 | E47: ='DATA US'!C60 -> 0061289805 | F47: ='DATA US'!D60 -> MOHAMMAD SYAHRUR ROMDHONI | G47: 82 | H47: 79 | I47: 82 | J47: 85 | K47: 83 | L47: 84 | M47: 81 | N47: 82 | O47: 82 | P47: 84 | Q47: 83 | R47: 83 | S47: 79 | T47: 81 | U47: 88 | V47: 88 | W47: 85 | X47: 92 | Y47: 76 | Z47: 80 | AA47: 81 | AB47: 79 | AC47: 83 | AD47: 86 | AE47: 78 | AF47: 77 | AG47: 83 | AH47: 85 | AI47: 80 | AJ47: 80 | AK47: 83 | AL47: 84 | AP47: - | AQ47: 81 | AR47: 81 | AS47: 81 | AT47: 80 | AU47: 85 | AV47: 81 | AW47: 81 | AX47: 83 | AY47: 82 | AZ47: 82 | BA47: 83 | BB47: 81 | BC47: 81 | BD47: 83 | BE47: 81 | BF47: 80 | BG47: 77 | BH47: 81 | BI47: 85 | BJ47: 87 | BK47: 83 | BL47: 90 | BM47: 85 | BN47: 86 | BO47: 85 | BP47: 85 | BQ47: 86 | BR47: 84 | BS47: 86 | BT47: 85 | BU47: 85 | BV47: 87 | BW47: 86 | BX47: 86 | BY47: 86 | BZ47: 87 | CA47: 81 | CB47: 82 | CC47: PT. Sarana Unggul Pratama | CD47: Lippo Cikarang Industrial Delta Silicon | CE47: 8 Januari 2024- 8 April 2024 | CF47: B | CK47: 89.333333 | CL47: 84.333333 | CM47: 84 | CN47: 87 | CO47: 82 | CP47: 90.194444 | CQ47: =AVERAGE(G47:L47) -> 82.5 | CR47: =AVERAGE(M47:R47) -> 82.5 | CS47: =AVERAGE(Y47:AD47) -> 80.833333 | CT47: =AVERAGE(S47:X47) -> 85.5 | CU47: =AVERAGE(AE47:AJ47) -> 80.5 | CV47: =AVERAGE(AQ47:AR47) -> 81 | CW47: =AVERAGE(AS47:AV47) -> 81.75 | CX47: =AVERAGE(CA47:CB47) -> 81.5 | CY47: =AVERAGE(BA47:BB47) -> 82 | CZ47: =AVERAGE(AY47:AZ47) -> 82 | DA47: =AVERAGE(AW47:AX47) -> 82 | DB47: =AVERAGE(BE47:BF47) -> 80.5 | DC47: =AVERAGE(BG47:BH47) -> 79 | DD47: =AVERAGE(BC47:BD47) -> 82 | DE47: =AVERAGE(BI47:BL47) -> 86.25 | DF47: =AVERAGE(BM47:BP47) -> 85.25 | DG47: =AVERAGE(BQ47:BT47) -> 85.25 | DH47: =AVERAGE(BW47:BZ47) -> 86.25 | DI47: =AVERAGE(BU47:BV47) -> 86 | DJ47: =AVERAGE(AK47:AL47) -> 83.5 | DK47: =AVERAGE(CQ47:DJ47) -> 82.804167
A48: 47 | B48: ='DATA US'!B61 -> 222310044 | C48: ='DATA US'!F61 -> BEKASI | D48: ='DATA US'!G61 -> 39041 | E48: ='DATA US'!C61 -> 0064789350 | F48: ='DATA US'!D61 -> MUHAMAD HARISKY | G48: 83 | H48: 83 | I48: 83 | J48: 83 | K48: 84 | L48: 85 | M48: 81 | N48: 84 | O48: 84 | P48: 85 | Q48: 84 | R48: 84 | S48: 80 | T48: 81 | U48: 90 | V48: 91 | W48: 82 | X48: 92 | Y48: 75 | Z48: 78 | AA48: 82 | AB48: 80 | AC48: 83 | AD48: 87 | AE48: 80 | AF48: 78 | AG48: 84 | AH48: 85 | AI48: 91 | AJ48: 91 | AK48: 85 | AL48: 83 | AP48: - | AQ48: 83 | AR48: 81 | AS48: 80 | AT48: 79 | AU48: 85 | AV48: 82 | AW48: 77 | AX48: 83 | AY48: 84 | AZ48: 82 | BA48: 83 | BB48: 81 | BC48: 83 | BD48: 84 | BE48: 82 | BF48: 81 | BG48: 77 | BH48: 82 | BI48: 84 | BJ48: 85 | BK48: 82 | BL48: 90 | BM48: 84 | BN48: 86 | BO48: 85 | BP48: 85 | BQ48: 88 | BR48: 85 | BS48: 86 | BT48: 85 | BU48: 82 | BV48: 84 | BW48: 86 | BX48: 85 | BY48: 86 | BZ48: 86 | CA48: 81 | CB48: 83 | CC48: PT. Adyawinsa Plastic Industri | CD48: Jl. Angsana Raya Blok L6 No 1 Delta Silicon 1, Lippo Cikarang | CE48: 20 Agt 2024 - 20 Nov 2024 | CF48: B | CK48: 89.333333 | CL48: 84.333333 | CM48: 86 | CN48: 90 | CO48: 82.5 | CP48: 88.722222 | CQ48: =AVERAGE(G48:L48) -> 83.5 | CR48: =AVERAGE(M48:R48) -> 83.666667 | CS48: =AVERAGE(Y48:AD48) -> 80.833333 | CT48: =AVERAGE(S48:X48) -> 86 | CU48: =AVERAGE(AE48:AJ48) -> 84.833333 | CV48: =AVERAGE(AQ48:AR48) -> 82 | CW48: =AVERAGE(AS48:AV48) -> 81.5 | CX48: =AVERAGE(CA48:CB48) -> 82 | CY48: =AVERAGE(BA48:BB48) -> 82 | CZ48: =AVERAGE(AY48:AZ48) -> 83 | DA48: =AVERAGE(AW48:AX48) -> 80 | DB48: =AVERAGE(BE48:BF48) -> 81.5 | DC48: =AVERAGE(BG48:BH48) -> 79.5 | DD48: =AVERAGE(BC48:BD48) -> 83.5 | DE48: =AVERAGE(BI48:BL48) -> 85.25 | DF48: =AVERAGE(BM48:BP48) -> 85 | DG48: =AVERAGE(BQ48:BT48) -> 86 | DH48: =AVERAGE(BW48:BZ48) -> 85.75 | DI48: =AVERAGE(BU48:BV48) -> 83 | DJ48: =AVERAGE(AK48:AL48) -> 84 | DK48: =AVERAGE(CQ48:DJ48) -> 83.141667
A49: 48 | B49: ='DATA US'!B62 -> 222310045 | C49: ='DATA US'!F62 -> BEKASI | D49: ='DATA US'!G62 -> 27 Oktober 2006 | E49: ='DATA US'!C62 -> 0062164345 | F49: ='DATA US'!D62 -> MUHAMAD ILLHAM ALLHUSNI | G49: 82 | H49: 85 | I49: 80 | J49: 80 | K49: 86 | L49: 88 | M49: 84 | N49: 84 | O49: 81 | P49: 86 | Q49: 84 | R49: 84 | S49: 85 | T49: 90 | U49: 90 | V49: 90 | W49: 86 | X49: 92 | Y49: 75 | Z49: 78 | AA49: 80 | AB49: 79 | AC49: 83 | AD49: 84 | AE49: 78 | AF49: 78 | AG49: 83 | AH49: 90 | AI49: 86 | AJ49: 86 | AK49: 85 | AL49: 84 | AP49: - | AQ49: 83 | AR49: 81 | AS49: 80 | AT49: 88 | AU49: 88 | AV49: 84 | AW49: 78 | AX49: 80 | AY49: 85 | AZ49: 83 | BA49: 84 | BB49: 81 | BC49: 84 | BD49: 90 | BE49: 86 | BF49: 81 | BG49: 80 | BH49: 86 | BI49: 83 | BJ49: 85 | BK49: 82 | BL49: 90 | BM49: 84 | BN49: 86 | BO49: 84 | BP49: 84 | BQ49: 88 | BR49: 85 | BS49: 87 | BT49: 87 | BU49: 80 | BV49: 82 | BW49: 84 | BX49: 86 | BY49: 86 | BZ49: 86 | CA49: 83 | CB49: 90 | CC49: PT. SBP Indonesia | CD49: Kawasan Industri MM2100 Jatiwangi Bekasi | CE49: 13 Nov 2023 - 28 Feb 2024 | CF49: B | CK49: 92 | CL49: 87.333333 | CM49: 88 | CN49: 87 | CO49: 82.5 | CP49: 89.027778 | CQ49: =AVERAGE(G49:L49) -> 83.5 | CR49: =AVERAGE(M49:R49) -> 83.833333 | CS49: =AVERAGE(Y49:AD49) -> 79.833333 | CT49: =AVERAGE(S49:X49) -> 88.833333 | CU49: =AVERAGE(AE49:AJ49) -> 83.5 | CV49: =AVERAGE(AQ49:AR49) -> 82 | CW49: =AVERAGE(AS49:AV49) -> 85 | CX49: =AVERAGE(CA49:CB49) -> 86.5 | CY49: =AVERAGE(BA49:BB49) -> 82.5 | CZ49: =AVERAGE(AY49:AZ49) -> 84 | DA49: =AVERAGE(AW49:AX49) -> 79 | DB49: =AVERAGE(BE49:BF49) -> 83.5 | DC49: =AVERAGE(BG49:BH49) -> 83 | DD49: =AVERAGE(BC49:BD49) -> 87 | DE49: =AVERAGE(BI49:BL49) -> 85 | DF49: =AVERAGE(BM49:BP49) -> 84.5 | DG49: =AVERAGE(BQ49:BT49) -> 86.75 | DH49: =AVERAGE(BW49:BZ49) -> 85.5 | DI49: =AVERAGE(BU49:BV49) -> 81 | DJ49: =AVERAGE(AK49:AL49) -> 84.5 | DK49: =AVERAGE(CQ49:DJ49) -> 83.9625
A50: 49 | B50: ='DATA US'!B63 -> 222310047 | C50: ='DATA US'!F63 -> BEKASI | D50: ='DATA US'!G63 -> 16 Juli 2007 | E50: ='DATA US'!C63 -> 0078523307 | F50: ='DATA US'!D63 -> MUHAMAD RIZKI ZAELANI | G50: 81 | H50: 83 | I50: 82 | J50: 80 | K50: 83 | L50: 86 | M50: 83 | N50: 84 | O50: 83 | P50: 85 | Q50: 83 | R50: 83 | S50: 80 | T50: 85 | U50: 89 | V50: 89 | W50: 85 | X50: 89 | Y50: 81 | Z50: 76 | AA50: 81 | AB50: 81 | AC50: 84 | AD50: 87 | AE50: 82 | AF50: 78 | AG50: 83 | AH50: 81 | AI50: 86 | AJ50: 86 | AK50: 85 | AL50: 81 | AP50: - | AQ50: 85 | AR50: 81 | AS50: 81 | AT50: 80 | AU50: 85 | AV50: 82 | AW50: 83 | AX50: 83 | AY50: 85 | AZ50: 82 | BA50: 84 | BB50: 83 | BC50: 81 | BD50: 82 | BE50: 83 | BF50: 81 | BG50: 78 | BH50: 83 | BI50: 80 | BJ50: 83 | BK50: 82 | BL50: 90 | BM50: 80 | BN50: 83 | BO50: 82 | BP50: 82 | BQ50: 91 | BR50: 87 | BS50: 86 | BT50: 86 | BU50: 80 | BV50: 83 | BW50: 84 | BX50: 85 | BY50: 86 | BZ50: 86 | CA50: 85 | CB50: 85 | CC50: PT. Nusa Toyotetsu | CD50: MM2100 Blok DD Cikarang Barat | CE50: 02April 2024 - 31 Juli 2024 | CF50: A | CK50: 91.333333 | CL50: 83 | CM50: 87 | CN50: 86 | CO50: 82.5 | CP50: 89.75 | CQ50: =AVERAGE(G50:L50) -> 82.5 | CR50: =AVERAGE(M50:R50) -> 83.5 | CS50: =AVERAGE(Y50:AD50) -> 81.666667 | CT50: =AVERAGE(S50:X50) -> 86.166667 | CU50: =AVERAGE(AE50:AJ50) -> 82.666667 | CV50: =AVERAGE(AQ50:AR50) -> 83 | CW50: =AVERAGE(AS50:AV50) -> 82 | CX50: =AVERAGE(CA50:CB50) -> 85 | CY50: =AVERAGE(BA50:BB50) -> 83.5 | CZ50: =AVERAGE(AY50:AZ50) -> 83.5 | DA50: =AVERAGE(AW50:AX50) -> 83 | DB50: =AVERAGE(BE50:BF50) -> 82 | DC50: =AVERAGE(BG50:BH50) -> 80.5 | DD50: =AVERAGE(BC50:BD50) -> 81.5 | DE50: =AVERAGE(BI50:BL50) -> 83.75 | DF50: =AVERAGE(BM50:BP50) -> 81.75 | DG50: =AVERAGE(BQ50:BT50) -> 87.5 | DH50: =AVERAGE(BW50:BZ50) -> 85.25 | DI50: =AVERAGE(BU50:BV50) -> 81.5 | DJ50: =AVERAGE(AK50:AL50) -> 83 | DK50: =AVERAGE(CQ50:DJ50) -> 83.1625
A51: 50 | B51: ='DATA US'!B64 -> 222310048 | C51: ='DATA US'!F64 -> BEKASI | D51: ='DATA US'!G64 -> 22 September 2007 | E51: ='DATA US'!C64 -> 0075254799 | F51: ='DATA US'!D64 -> MUHAMMAD FAREL RAMDANI | G51: 81 | H51: 78 | I51: 80 | J51: 80 | K51: 83 | L51: 83 | M51: 85 | N51: 85 | O51: 81 | P51: 84 | Q51: 82 | R51: 82 | S51: 81 | T51: 81 | U51: 89 | V51: 89 | W51: 84 | X51: 93 | Y51: 75 | Z51: 76 | AA51: 80 | AB51: 83 | AC51: 81 | AD51: 87 | AE51: 77 | AF51: 80 | AG51: 82 | AH51: 87 | AI51: 88 | AJ51: 88 | AK51: 84 | AL51: 82 | AP51: - | AQ51: 82 | AR51: 81 | AS51: 81 | AT51: 80 | AU51: 87 | AV51: 84 | AW51: 78 | AX51: 86 | AY51: 84 | AZ51: 85 | BA51: 84 | BB51: 84 | BC51: 80 | BD51: 80 | BE51: 81 | BF51: 81 | BG51: 80 | BH51: 81 | BI51: 80 | BJ51: 83 | BK51: 83 | BL51: 90 | BM51: 80 | BN51: 85 | BO51: 82 | BP51: 82 | BQ51: 92 | BR51: 86 | BS51: 86 | BT51: 86 | BU51: 83 | BV51: 84 | BW51: 85 | BX51: 86 | BY51: 86 | BZ51: 86 | CA51: 84 | CB51: 83 | CC51: PT. Mitsuba Indonesia | CD51: Kawasan Industri MM2100 Jatiwangi Bekasi | CE51: 22 Agt 2024 - 28 Nov 2024 | CF51: B | CK51: 90.333333 | CL51: 83 | CM51: 82 | CN51: 84 | CO51: 82.25 | CP51: 88.777778 | CQ51: =AVERAGE(G51:L51) -> 80.833333 | CR51: =AVERAGE(M51:R51) -> 83.166667 | CS51: =AVERAGE(Y51:AD51) -> 80.333333 | CT51: =AVERAGE(S51:X51) -> 86.166667 | CU51: =AVERAGE(AE51:AJ51) -> 83.666667 | CV51: =AVERAGE(AQ51:AR51) -> 81.5 | CW51: =AVERAGE(AS51:AV51) -> 83 | CX51: =AVERAGE(CA51:CB51) -> 83.5 | CY51: =AVERAGE(BA51:BB51) -> 84 | CZ51: =AVERAGE(AY51:AZ51) -> 84.5 | DA51: =AVERAGE(AW51:AX51) -> 82 | DB51: =AVERAGE(BE51:BF51) -> 81 | DC51: =AVERAGE(BG51:BH51) -> 80.5 | DD51: =AVERAGE(BC51:BD51) -> 80 | DE51: =AVERAGE(BI51:BL51) -> 84 | DF51: =AVERAGE(BM51:BP51) -> 82.25 | DG51: =AVERAGE(BQ51:BT51) -> 87.5 | DH51: =AVERAGE(BW51:BZ51) -> 85.75 | DI51: =AVERAGE(BU51:BV51) -> 83.5 | DJ51: =AVERAGE(AK51:AL51) -> 83 | DK51: =AVERAGE(CQ51:DJ51) -> 83.008333
A52: 51 | B52: ='DATA US'!B65 -> 222310049 | C52: ='DATA US'!F65 -> BEKASI | D52: ='DATA US'!G65 -> 29 Juni 2007 | E52: ='DATA US'!C65 -> 0071919948 | F52: ='DATA US'!D65 -> MUHAMMAD PANJI AZ-ZIRA | G52: 81 | H52: 79 | I52: 80 | J52: 82 | K52: 83 | L52: 83 | M52: 83 | N52: 83 | O52: 82 | P52: 83 | Q52: 81 | R52: 81 | S52: 84 | T52: 86 | U52: 84 | V52: 84 | W52: 82 | X52: 86 | Y52: 75 | Z52: 78 | AA52: 78 | AB52: 80 | AC52: 83 | AD52: 83 | AE52: 79 | AF52: 79 | AG52: 80 | AH52: 81 | AI52: 84 | AJ52: 84 | AK52: 83 | AL52: 83 | AP52: - | AQ52: 82 | AR52: 81 | AS52: 80 | AT52: 79 | AU52: 88 | AV52: 85 | AW52: 79 | AX52: 80 | AY52: 83 | AZ52: 84 | BA52: 83 | BB52: 81 | BC52: 80 | BD52: 87 | BE52: 81 | BF52: 78 | BG52: 78 | BH52: 81 | BI52: 86 | BJ52: 86 | BK52: 82 | BL52: 90 | BM52: 85 | BN52: 86 | BO52: 84 | BP52: 84 | BQ52: 88 | BR52: 85 | BS52: 84 | BT52: 84 | BU52: 80 | BV52: 80 | BW52: 83 | BX52: 84 | BY52: 80 | BZ52: 84 | CA52: 82 | CB52: 85 | CC52: PT. King Plastic | CD52: Kawasan Industri MM2100 Jatiwangi Bekasi | CE52: 20 Agt 2024 - 20 Nov 2024 | CF52: B | CK52: 90 | CL52: 82 | CM52: 82 | CN52: 88 | CO52: 81.75 | CP52: 84.083333 | CQ52: =AVERAGE(G52:L52) -> 81.333333 | CR52: =AVERAGE(M52:R52) -> 82.166667 | CS52: =AVERAGE(Y52:AD52) -> 79.5 | CT52: =AVERAGE(S52:X52) -> 84.333333 | CU52: =AVERAGE(AE52:AJ52) -> 81.166667 | CV52: =AVERAGE(AQ52:AR52) -> 81.5 | CW52: =AVERAGE(AS52:AV52) -> 83 | CX52: =AVERAGE(CA52:CB52) -> 83.5 | CY52: =AVERAGE(BA52:BB52) -> 82 | CZ52: =AVERAGE(AY52:AZ52) -> 83.5 | DA52: =AVERAGE(AW52:AX52) -> 79.5 | DB52: =AVERAGE(BE52:BF52) -> 79.5 | DC52: =AVERAGE(BG52:BH52) -> 79.5 | DD52: =AVERAGE(BC52:BD52) -> 83.5 | DE52: =AVERAGE(BI52:BL52) -> 86 | DF52: =AVERAGE(BM52:BP52) -> 84.75 | DG52: =AVERAGE(BQ52:BT52) -> 85.25 | DH52: =AVERAGE(BW52:BZ52) -> 82.75 | DI52: =AVERAGE(BU52:BV52) -> 80 | DJ52: =AVERAGE(AK52:AL52) -> 83 | DK52: =AVERAGE(CQ52:DJ52) -> 82.2875
A53: 52 | B53: ='DATA US'!B66 -> 222310050 | C53: ='DATA US'!F66 -> BEKASI | D53: ='DATA US'!G66 -> 22 Desember 2006 | E53: ='DATA US'!C66 -> 0067237318 | F53: ='DATA US'!D66 -> RANGGA TRI AFRIZAL | G53: 79 | H53: 79 | I53: 82 | J53: 80 | K53: 83 | L53: 83 | M53: 83 | N53: 83 | O53: 83 | P53: 83 | Q53: 83 | R53: 83 | S53: 84 | T53: 81 | U53: 90 | V53: 90 | W53: 85 | X53: 88 | Y53: 75 | Z53: 78 | AA53: 81 | AB53: 79 | AC53: 80 | AD53: 87 | AE53: 82 | AF53: 79 | AG53: 86 | AH53: 85 | AI53: 85 | AJ53: 85 | AK53: 83 | AL53: 81 | AP53: - | AQ53: 83 | AR53: 82 | AS53: 80 | AT53: 79 | AU53: 87 | AV53: 84 | AW53: 78 | AX53: 79 | AY53: 84 | AZ53: 83 | BA53: 84 | BB53: 81 | BC53: 84 | BD53: 86 | BE53: 82 | BF53: 81 | BG53: 80 | BH53: 82 | BI53: 80 | BJ53: 81 | BK53: 82 | BL53: 90 | BM53: 80 | BN53: 81 | BO53: 83 | BP53: 83 | BQ53: 88 | BR53: 85 | BS53: 86 | BT53: 86 | BU53: 80 | BV53: 83 | BW53: 85 | BX53: 86 | BY53: 86 | BZ53: 86 | CA53: 84 | CB53: 84 | CC53: PT. Mitsuba Indonesia | CD53: Kawasan Industri MM2100 Jatiwangi Bekasi | CE53: 06 Mei 2024 - 02 Agt 2024 | CF53: B | CK53: 88.666667 | CL53: 82.666667 | CM53: 82 | CN53: 90 | CO53: 82.5 | CP53: 88.555556 | CQ53: =AVERAGE(G53:L53) -> 81 | CR53: =AVERAGE(M53:R53) -> 83 | CS53: =AVERAGE(Y53:AD53) -> 80 | CT53: =AVERAGE(S53:X53) -> 86.333333 | CU53: =AVERAGE(AE53:AJ53) -> 83.666667 | CV53: =AVERAGE(AQ53:AR53) -> 82.5 | CW53: =AVERAGE(AS53:AV53) -> 82.5 | CX53: =AVERAGE(CA53:CB53) -> 84 | CY53: =AVERAGE(BA53:BB53) -> 82.5 | CZ53: =AVERAGE(AY53:AZ53) -> 83.5 | DA53: =AVERAGE(AW53:AX53) -> 78.5 | DB53: =AVERAGE(BE53:BF53) -> 81.5 | DC53: =AVERAGE(BG53:BH53) -> 81 | DD53: =AVERAGE(BC53:BD53) -> 85 | DE53: =AVERAGE(BI53:BL53) -> 83.25 | DF53: =AVERAGE(BM53:BP53) -> 81.75 | DG53: =AVERAGE(BQ53:BT53) -> 86.25 | DH53: =AVERAGE(BW53:BZ53) -> 85.75 | DI53: =AVERAGE(BU53:BV53) -> 81.5 | DJ53: =AVERAGE(AK53:AL53) -> 82 | DK53: =AVERAGE(CQ53:DJ53) -> 82.775
